order_id,user_id,product_id,quantity,amount,timestamp,status
1,291,3,9,164.61,2024-03-28 08:45:00,cancelled
2,192,14,8,415.13,2024-04-16 17:01:00,completed
3,85,170,9,89.08,2024-12-23 03:05:00,refunded
4,929,187,3,73.57,2024-12-31 16:03:00,cancelled
5,24,90,1,479.69,2024-12-30 21:46:00,refunded
6,387,84,3,92.86,2024-04-09 23:33:00,pending
7,667,170,9,102.11,2024-12-05 12:21:00,pending
8,124,94,3,165.93,2024-01-24 06:55:00,refunded
9,125,4,6,310.35,2024-01-19 12:40:00,cancelled
10,873,168,4,279.11,2024-07-13 12:41:00,completed
11,270,28,7,253.59,2024-06-21 20:21:00,pending
12,897,192,6,424.71,2024-09-11 10:06:00,completed
13,71,140,6,410.07,2024-10-10 08:45:00,refunded
14,48,116,3,132.28,2024-03-08 06:33:00,refunded
15,766,136,3,46.58,2024-11-22 02:19:00,cancelled
16,400,149,1,194.72,2024-11-11 00:00:00,completed
17,982,4,6,483.25,2024-07-25 12:57:00,completed
18,290,15,4,317.94,2024-07-30 07:48:00,refunded
19,330,168,9,405.77,2024-12-30 04:08:00,cancelled
20,346,84,5,236.2,2024-07-06 17:07:00,cancelled
21,973,48,9,210.58,2024-08-11 00:48:00,cancelled
22,516,151,1,136.13,2024-03-06 04:13:00,cancelled
23,191,156,4,184.56,2024-09-01 22:31:00,completed
24,7,197,1,359.12,2024-10-25 20:37:00,cancelled
25,26,68,3,22.18,2024-05-15 11:03:00,refunded
26,700,37,6,456.07,2024-07-04 08:57:00,refunded
27,587,58,2,457.56,2024-12-20 18:22:00,refunded
28,261,34,6,461.69,2024-03-26 22:09:00,pending
29,775,91,8,232.95,2024-03-08 08:40:00,completed
30,66,89,2,228.42,2024-10-20 17:56:00,cancelled
31,710,170,7,336.21,2024-12-09 12:29:00,refunded
32,131,68,2,239.35,2024-11-12 20:19:00,cancelled
33,806,52,10,339.87,2024-03-22 04:00:00,pending
34,277,166,6,36.28,2024-07-04 21:32:00,cancelled
35,260,51,5,410.27,2024-06-25 18:57:00,pending
36,368,66,7,276.27,2024-03-27 15:30:00,refunded
37,128,156,8,284.5,2024-06-27 03:14:00,pending
38,385,44,3,393.95,2024-01-04 20:37:00,cancelled
39,100,176,4,413.94,2024-12-06 07:43:00,completed
40,611,199,10,184.3,2024-09-05 07:09:00,cancelled
41,315,54,1,52.58,2024-10-16 15:50:00,pending
42,834,45,5,107.26,2024-03-26 18:51:00,cancelled
43,418,166,5,303.53,2024-02-15 22:58:00,pending
44,341,22,2,282.11,2024-06-02 01:49:00,completed
45,254,45,9,361.5,2024-04-03 21:09:00,refunded
46,802,174,6,284.15,2024-08-11 16:02:00,cancelled
47,476,78,1,126.4,2024-10-03 03:18:00,refunded
48,3,51,8,354.0,2024-07-22 23:46:00,refunded
49,640,2,2,64.07,2024-05-06 10:21:00,refunded
50,156,37,2,265.12,2024-01-09 12:41:00,refunded
51,224,85,4,227.68,2024-08-07 13:40:00,completed
52,764,132,9,138.03,2024-11-22 10:18:00,pending
53,524,169,4,165.11,2024-01-24 15:37:00,completed
54,685,163,6,196.8,2024-02-29 07:49:00,pending
55,483,52,2,345.22,2024-12-02 14:59:00,completed
56,623,64,5,328.38,2024-01-14 10:30:00,refunded
57,830,178,7,397.29,2024-11-17 03:07:00,completed
58,531,5,4,30.06,2024-04-28 05:55:00,completed
59,842,56,6,443.11,2024-08-15 20:43:00,cancelled
60,241,103,5,31.55,2024-03-26 07:20:00,refunded
61,824,162,8,183.95,2024-08-05 13:10:00,refunded
62,972,19,7,167.49,2024-11-19 10:29:00,refunded
63,188,62,6,119.96,2024-10-12 06:11:00,pending
64,641,35,9,85.78,2024-02-04 23:24:00,completed
65,229,36,5,311.43,2024-09-27 09:18:00,cancelled
66,174,126,9,43.68,2024-06-27 12:20:00,pending
67,771,109,9,283.77,2024-06-15 04:03:00,pending
68,754,188,6,181.68,2024-02-20 06:12:00,cancelled
69,860,149,5,24.91,2024-03-28 00:23:00,refunded
70,250,4,8,296.22,2024-09-07 23:13:00,pending
71,729,66,7,180.37,2024-08-27 03:59:00,completed
72,390,167,3,348.28,2024-12-23 18:53:00,refunded
73,999,173,1,259.53,2024-05-23 01:11:00,pending
74,452,179,7,176.51,2024-01-17 15:07:00,completed
75,451,124,10,387.3,2024-04-01 15:53:00,cancelled
76,860,168,4,226.75,2024-08-29 15:07:00,cancelled
77,26,68,5,138.8,2024-11-14 02:03:00,cancelled
78,612,77,9,339.76,2024-02-20 13:16:00,pending
79,565,128,7,101.71,2024-11-29 12:02:00,completed
80,582,168,8,309.58,2024-09-27 04:52:00,pending
81,840,59,4,452.74,2024-12-02 17:08:00,cancelled
82,380,4,8,435.36,2024-02-27 21:50:00,pending
83,209,155,1,97.6,2024-11-09 05:28:00,cancelled
84,888,163,3,25.84,2024-03-12 12:22:00,pending
85,306,185,2,137.27,2024-12-04 14:21:00,completed
86,151,132,10,207.74,2024-07-05 05:39:00,completed
87,363,27,8,434.13,2024-05-07 20:47:00,pending
88,710,31,7,64.83,2024-04-01 15:27:00,cancelled
89,793,8,2,113.98,2024-09-09 07:13:00,completed
90,68,190,8,288.55,2024-11-18 01:10:00,pending
91,509,114,5,269.1,2024-03-30 18:12:00,refunded
92,62,164,4,147.46,2024-01-01 17:18:00,completed
93,125,185,3,495.66,2024-10-03 10:48:00,pending
94,197,143,7,294.41,2024-02-16 21:05:00,cancelled
95,830,4,5,64.79,2024-02-11 12:01:00,cancelled
96,725,187,2,150.84,2024-09-21 23:33:00,pending
97,325,143,8,152.55,2024-07-11 20:55:00,cancelled
98,513,125,3,227.03,2024-03-07 03:27:00,cancelled
99,547,108,3,383.15,2024-05-28 19:17:00,cancelled
100,875,98,6,489.76,2024-03-31 00:55:00,completed
101,94,124,6,41.22,2024-03-13 14:53:00,completed
102,695,136,2,431.41,2024-09-24 02:32:00,pending
103,161,79,5,109.94,2024-12-19 07:11:00,pending
104,124,87,6,181.78,2024-06-15 05:19:00,refunded
105,383,53,9,372.31,2024-06-04 17:56:00,cancelled
106,384,51,9,324.94,2024-06-26 06:06:00,cancelled
107,944,75,6,300.88,2024-09-12 05:27:00,refunded
108,779,164,1,109.63,2024-10-10 04:56:00,pending
109,948,167,2,112.25,2024-02-11 11:41:00,cancelled
110,359,49,9,61.93,2024-12-19 22:21:00,refunded
111,138,187,3,136.27,2024-07-28 15:41:00,completed
112,271,63,10,341.14,2024-02-14 18:08:00,refunded
113,573,90,10,314.17,2024-01-06 02:11:00,cancelled
114,591,174,10,98.0,2024-05-13 16:54:00,refunded
115,634,199,1,361.16,2024-06-06 09:07:00,cancelled
116,256,118,10,71.68,2024-08-14 02:59:00,pending
117,882,132,2,264.65,2024-11-29 11:18:00,completed
118,2,77,1,264.8,2024-06-03 06:54:00,pending
119,897,57,2,435.68,2024-10-27 12:04:00,cancelled
120,770,117,1,481.0,2024-09-30 18:01:00,cancelled
121,518,11,3,472.01,2024-09-07 22:34:00,pending
122,484,200,7,385.97,2024-04-07 02:20:00,refunded
123,127,18,4,96.65,2024-03-20 07:16:00,pending
124,209,174,10,303.75,2024-10-15 19:53:00,refunded
125,14,19,1,433.9,2024-04-10 21:41:00,refunded
126,778,130,1,280.5,2024-11-28 15:46:00,pending
127,105,195,2,239.75,2024-03-12 13:37:00,cancelled
128,414,175,10,122.91,2024-11-03 11:06:00,cancelled
129,94,12,10,459.47,2024-10-22 21:53:00,completed
130,896,51,1,387.67,2024-03-03 06:11:00,completed
131,570,51,8,329.7,2024-01-08 10:33:00,completed
132,536,190,4,420.41,2024-06-14 06:48:00,pending
133,981,103,10,311.9,2024-09-08 08:50:00,completed
134,28,22,5,131.71,2024-09-28 11:32:00,refunded
135,317,53,9,85.21,2024-01-26 08:33:00,cancelled
136,789,101,9,60.33,2024-04-01 20:29:00,refunded
137,966,55,4,226.32,2024-07-22 20:18:00,completed
138,773,124,5,441.26,2024-03-16 06:42:00,cancelled
139,850,181,1,78.73,2024-04-07 13:37:00,completed
140,71,84,4,415.38,2024-04-15 18:00:00,refunded
141,107,7,10,442.53,2024-11-03 03:19:00,refunded
142,720,108,1,224.95,2024-08-26 05:01:00,refunded
143,186,6,7,428.73,2024-01-06 17:54:00,pending
144,909,81,1,238.59,2024-01-23 19:05:00,completed
145,887,16,8,375.32,2024-03-11 11:29:00,refunded
146,68,57,8,230.65,2024-04-26 15:40:00,completed
147,677,63,2,55.02,2024-09-30 05:07:00,completed
148,134,185,9,238.19,2024-01-24 10:25:00,refunded
149,395,96,8,86.18,2024-08-23 23:50:00,cancelled
150,126,25,3,230.88,2024-12-21 07:13:00,refunded
151,52,29,10,336.4,2024-09-19 01:26:00,pending
152,605,102,8,287.39,2024-07-15 10:08:00,pending
153,687,61,1,363.21,2024-07-02 13:47:00,completed
154,716,187,4,252.66,2024-08-29 00:21:00,cancelled
155,655,170,5,220.56,2024-07-09 06:18:00,pending
156,5,198,6,178.29,2024-04-09 10:15:00,cancelled
157,436,123,1,328.07,2024-07-04 12:21:00,refunded
158,707,143,6,310.99,2024-01-31 04:48:00,pending
159,122,194,9,254.63,2024-08-05 15:05:00,pending
160,50,74,9,92.83,2024-06-11 07:47:00,cancelled
161,725,91,3,221.43,2024-05-20 23:20:00,completed
162,807,175,1,196.63,2024-06-20 15:50:00,completed
163,141,116,3,248.74,2024-05-18 00:18:00,cancelled
164,743,161,5,459.78,2024-05-10 18:39:00,cancelled
165,586,61,5,37.08,2024-03-22 15:05:00,pending
166,797,106,7,28.35,2024-02-04 01:42:00,cancelled
167,934,44,10,85.26,2024-09-19 06:30:00,completed
168,400,90,5,63.41,2024-10-16 01:33:00,cancelled
169,483,62,4,307.2,2024-08-19 18:43:00,refunded
170,274,4,10,178.87,2024-10-13 01:16:00,refunded
171,963,63,8,365.53,2024-02-03 21:48:00,pending
172,429,69,5,197.53,2024-09-22 13:23:00,cancelled
173,881,170,3,417.19,2024-08-07 14:12:00,cancelled
174,722,167,3,337.61,2024-10-07 11:54:00,pending
175,609,33,6,389.17,2024-08-08 23:19:00,completed
176,481,111,8,210.26,2024-12-06 16:35:00,pending
177,450,1,8,270.29,2024-01-29 23:01:00,pending
178,524,44,10,100.95,2024-03-01 21:08:00,refunded
179,26,113,9,389.76,2024-06-15 23:15:00,refunded
180,199,61,4,240.1,2024-11-09 01:21:00,cancelled
181,292,48,1,43.13,2024-04-21 05:56:00,pending
182,586,33,5,91.14,2024-02-26 11:45:00,pending
183,802,103,3,460.93,2024-11-01 12:12:00,completed
184,200,158,2,464.03,2024-07-31 00:50:00,cancelled
185,108,156,5,453.22,2024-05-29 00:44:00,cancelled
186,447,34,6,334.84,2024-12-31 04:18:00,pending
187,819,116,4,484.67,2024-06-27 22:52:00,pending
188,239,35,9,331.52,2024-02-13 15:57:00,cancelled
189,740,163,3,402.16,2024-02-13 18:19:00,cancelled
190,609,133,4,200.15,2024-10-18 08:51:00,refunded
191,221,119,4,237.93,2024-06-11 04:32:00,completed
192,713,7,3,142.72,2024-04-30 23:58:00,completed
193,860,34,2,292.45,2024-02-09 10:14:00,cancelled
194,312,48,4,457.91,2024-05-02 16:38:00,pending
195,557,155,1,133.41,2024-07-29 00:06:00,pending
196,242,78,2,157.02,2024-12-08 01:23:00,refunded
197,376,191,10,165.79,2024-03-29 17:08:00,cancelled
198,372,4,4,105.63,2024-04-05 14:42:00,completed
199,453,5,9,83.19,2024-06-14 06:17:00,pending
200,320,151,7,97.5,2024-10-16 22:48:00,pending
201,591,184,9,112.14,2024-06-15 16:42:00,pending
202,31,126,3,419.39,2024-09-04 11:26:00,cancelled
203,555,85,3,417.44,2024-08-26 09:45:00,pending
204,350,21,7,466.08,2024-12-05 09:40:00,cancelled
205,451,18,8,23.84,2024-04-21 12:13:00,refunded
206,307,1,3,342.87,2024-03-21 05:51:00,cancelled
207,910,200,4,120.82,2024-06-13 22:01:00,refunded
208,500,48,6,80.26,2024-04-24 04:44:00,completed
209,86,146,7,34.65,2024-05-28 12:28:00,completed
210,503,61,2,165.4,2024-09-01 16:58:00,cancelled
211,454,155,2,158.51,2024-12-30 03:31:00,refunded
212,110,162,10,328.38,2024-11-18 21:47:00,completed
213,328,180,5,25.79,2024-04-25 22:08:00,cancelled
214,343,68,4,190.54,2024-03-05 12:23:00,completed
215,420,3,7,163.98,2024-09-01 02:05:00,completed
216,299,148,2,151.68,2024-05-31 02:32:00,cancelled
217,535,200,5,410.44,2024-09-04 06:52:00,refunded
218,590,148,8,108.8,2024-05-31 23:54:00,refunded
219,708,106,6,101.23,2024-12-18 15:29:00,cancelled
220,386,91,7,481.95,2024-08-26 16:19:00,refunded
221,259,108,3,453.76,2024-03-18 12:20:00,completed
222,242,120,10,310.11,2024-10-24 14:38:00,cancelled
223,157,143,8,83.99,2024-09-22 09:14:00,refunded
224,155,146,9,54.22,2024-07-13 05:02:00,cancelled
225,731,92,9,93.69,2024-02-05 15:57:00,refunded
226,269,162,3,104.57,2024-02-20 21:57:00,pending
227,798,98,4,391.14,2024-02-27 02:56:00,refunded
228,402,71,6,114.75,2024-05-11 05:15:00,pending
229,602,190,6,244.48,2024-01-30 23:48:00,completed
230,396,91,4,100.34,2024-10-13 02:35:00,completed
231,239,156,2,30.13,2024-04-27 23:48:00,pending
232,110,173,9,434.46,2024-11-27 14:09:00,completed
233,830,135,5,275.54,2024-07-13 01:47:00,refunded
234,547,169,5,358.38,2024-12-01 07:46:00,refunded
235,963,24,5,157.68,2024-06-04 12:50:00,pending
236,650,195,7,477.52,2024-04-10 03:28:00,refunded
237,104,114,10,254.72,2024-09-20 19:00:00,completed
238,334,17,1,204.08,2024-04-02 07:25:00,pending
239,943,54,5,406.33,2024-09-08 07:40:00,refunded
240,546,10,9,326.24,2024-10-29 13:51:00,pending
241,610,57,9,412.76,2024-04-23 13:37:00,refunded
242,628,42,4,181.51,2024-10-23 13:38:00,refunded
243,431,152,6,196.44,2024-03-03 23:28:00,pending
244,2,38,7,309.97,2024-10-09 14:47:00,refunded
245,601,144,4,402.96,2024-01-19 00:06:00,pending
246,632,75,5,158.36,2024-08-22 23:17:00,completed
247,202,77,8,98.13,2024-06-19 06:34:00,completed
248,721,45,2,398.9,2024-09-28 07:08:00,cancelled
249,998,185,7,258.17,2024-03-18 02:39:00,completed
250,661,43,9,297.13,2024-08-30 09:00:00,cancelled
251,647,28,9,194.96,2024-03-19 16:09:00,completed
252,164,55,1,305.77,2024-05-04 02:25:00,refunded
253,398,140,2,256.33,2024-05-17 07:01:00,completed
254,208,75,8,391.25,2024-04-22 11:44:00,cancelled
255,258,189,8,450.38,2024-10-20 01:04:00,completed
256,201,53,2,378.76,2024-10-08 02:32:00,refunded
257,54,56,1,387.12,2024-02-07 00:10:00,refunded
258,614,33,9,385.28,2024-03-04 20:03:00,refunded
259,154,24,7,140.13,2024-06-27 01:11:00,cancelled
260,442,198,10,71.05,2024-06-13 07:35:00,completed
261,162,63,7,134.17,2024-02-05 05:43:00,refunded
262,20,59,6,31.83,2024-12-21 00:54:00,completed
263,833,196,5,263.09,2024-06-06 09:26:00,completed
264,290,10,1,386.81,2024-11-16 18:28:00,pending
265,525,16,7,401.22,2024-11-04 11:53:00,refunded
266,139,166,6,230.56,2024-11-20 10:39:00,refunded
267,258,13,1,45.48,2024-05-06 22:25:00,cancelled
268,21,75,1,90.46,2024-12-22 21:25:00,pending
269,115,188,3,181.17,2024-06-21 08:56:00,pending
270,826,43,4,311.93,2024-06-29 10:57:00,refunded
271,933,160,6,72.59,2024-03-26 02:53:00,completed
272,356,85,7,290.6,2024-09-28 21:49:00,pending
273,149,97,5,387.07,2024-01-05 17:45:00,completed
274,72,1,2,262.35,2024-06-09 18:21:00,completed
275,462,49,5,342.3,2024-05-31 08:33:00,refunded
276,786,8,1,146.67,2024-08-10 07:19:00,pending
277,213,193,8,429.25,2024-10-04 15:04:00,pending
278,553,34,8,453.87,2024-09-19 07:11:00,refunded
279,113,153,2,421.18,2024-10-30 10:51:00,refunded
280,52,51,5,440.59,2024-01-18 12:42:00,refunded
281,70,175,3,343.37,2024-01-14 17:44:00,completed
282,675,1,2,298.68,2024-02-24 01:39:00,pending
283,535,149,1,425.06,2024-10-26 16:19:00,completed
284,840,87,6,211.66,2024-06-15 05:57:00,refunded
285,630,129,5,356.26,2024-12-22 15:26:00,cancelled
286,999,126,4,342.33,2024-02-14 19:47:00,refunded
287,456,165,6,483.17,2024-12-26 17:45:00,completed
288,245,47,2,212.94,2024-10-01 00:11:00,pending
289,760,7,4,219.03,2024-05-14 04:58:00,pending
290,211,44,8,108.34,2024-09-04 08:13:00,completed
291,712,7,2,33.47,2024-05-20 02:47:00,cancelled
292,641,198,9,224.7,2024-09-26 08:08:00,completed
293,188,116,4,87.95,2024-05-17 06:59:00,completed
294,292,92,5,403.52,2024-06-15 23:01:00,cancelled
295,809,40,10,170.06,2024-05-12 16:07:00,pending
296,489,13,8,497.84,2024-05-29 17:22:00,refunded
297,101,6,10,134.11,2024-04-28 19:43:00,completed
298,351,178,10,48.62,2024-07-22 16:12:00,completed
299,676,45,3,215.92,2024-02-12 17:23:00,refunded
300,167,84,3,429.02,2024-10-29 05:17:00,cancelled
301,350,92,10,87.57,2024-11-12 20:15:00,completed
302,571,101,2,371.61,2024-05-22 14:14:00,pending
303,972,153,1,160.44,2024-09-06 04:20:00,refunded
304,969,55,9,270.44,2024-08-18 14:12:00,pending
305,887,22,1,180.0,2024-01-10 13:14:00,pending
306,600,131,8,250.77,2024-10-09 11:23:00,pending
307,631,111,8,307.57,2024-11-21 22:24:00,cancelled
308,939,2,9,335.17,2024-02-04 21:37:00,pending
309,622,112,6,495.46,2024-01-21 17:03:00,completed
310,718,181,9,163.26,2024-07-17 07:40:00,cancelled
311,723,42,6,388.78,2024-06-05 05:45:00,cancelled
312,409,58,10,158.68,2024-06-24 17:30:00,pending
313,786,164,10,163.16,2024-11-05 15:28:00,completed
314,487,30,2,229.16,2024-03-24 12:11:00,completed
315,901,69,10,344.39,2024-06-24 20:49:00,refunded
316,847,62,3,299.02,2024-09-07 13:09:00,pending
317,240,135,9,173.45,2024-03-08 18:58:00,pending
318,630,123,10,231.19,2024-09-12 16:10:00,pending
319,62,73,3,39.29,2024-05-22 16:38:00,refunded
320,195,78,2,246.21,2024-02-16 17:08:00,cancelled
321,106,60,8,409.64,2024-06-02 10:23:00,refunded
322,774,127,7,150.43,2024-04-26 22:53:00,completed
323,398,63,10,162.03,2024-08-15 05:17:00,cancelled
324,583,2,7,178.67,2024-03-19 01:03:00,refunded
325,457,90,1,241.55,2024-11-07 05:43:00,cancelled
326,797,59,4,150.3,2024-12-30 19:38:00,refunded
327,181,91,9,78.66,2024-07-30 20:41:00,cancelled
328,860,158,4,339.72,2024-12-03 19:22:00,pending
329,533,108,5,103.1,2024-03-20 17:00:00,pending
330,105,34,8,95.32,2024-09-12 01:30:00,refunded
331,968,125,9,306.25,2024-12-05 14:04:00,completed
332,553,106,7,52.28,2024-09-23 16:05:00,cancelled
333,793,61,3,281.42,2024-06-23 16:20:00,pending
334,795,4,7,198.99,2024-10-05 22:44:00,completed
335,523,9,5,488.22,2024-12-29 05:09:00,refunded
336,379,189,7,306.85,2024-08-23 18:44:00,pending
337,660,151,2,470.14,2024-04-15 11:25:00,cancelled
338,886,126,7,267.15,2024-03-14 10:22:00,cancelled
339,547,98,2,55.89,2024-10-29 02:26:00,completed
340,257,196,6,357.24,2024-06-18 09:12:00,completed
341,39,59,1,188.77,2024-05-14 19:46:00,cancelled
342,469,198,2,418.06,2024-07-27 14:59:00,refunded
343,248,163,9,354.41,2024-01-30 19:53:00,completed
344,812,48,7,311.58,2024-12-04 15:14:00,pending
345,879,84,1,168.83,2024-09-16 19:13:00,refunded
346,297,36,6,49.53,2024-11-19 18:06:00,completed
347,235,118,1,271.62,2024-12-08 02:48:00,pending
348,85,169,4,222.57,2024-03-18 16:05:00,completed
349,586,63,6,290.84,2024-02-23 00:07:00,cancelled
350,21,156,1,409.29,2024-10-13 01:51:00,pending
351,933,113,10,243.27,2024-02-14 07:54:00,refunded
352,954,99,1,286.12,2024-12-10 16:41:00,pending
353,806,125,8,472.13,2024-11-27 01:23:00,refunded
354,698,198,9,48.75,2024-11-24 04:00:00,completed
355,563,67,7,370.58,2024-07-31 06:21:00,refunded
356,364,141,2,342.45,2024-09-10 04:42:00,refunded
357,643,141,2,224.4,2024-05-19 07:18:00,completed
358,459,23,5,390.4,2024-05-17 01:16:00,pending
359,718,60,1,296.89,2024-12-26 17:36:00,cancelled
360,218,149,8,272.05,2024-01-16 05:57:00,pending
361,283,25,7,26.34,2024-02-15 14:53:00,completed
362,404,71,8,362.58,2024-08-15 05:03:00,refunded
363,634,38,1,200.9,2024-08-22 09:54:00,cancelled
364,993,3,4,258.96,2024-06-02 15:08:00,cancelled
365,978,60,5,266.84,2024-12-01 23:08:00,refunded
366,776,128,8,97.23,2024-08-30 13:41:00,refunded
367,959,93,1,295.12,2024-05-12 07:36:00,pending
368,899,199,1,372.07,2024-02-03 03:30:00,pending
369,529,101,9,309.19,2024-04-02 05:35:00,cancelled
370,900,158,3,494.28,2024-04-28 23:52:00,completed
371,726,80,7,168.9,2024-08-16 10:07:00,cancelled
372,446,17,4,393.15,2024-10-23 17:44:00,completed
373,725,80,8,259.89,2024-12-26 22:08:00,refunded
374,473,64,5,453.74,2024-11-22 20:40:00,pending
375,348,18,7,235.84,2024-09-18 14:00:00,refunded
376,702,77,5,261.93,2024-05-10 16:20:00,cancelled
377,564,8,7,239.49,2024-11-02 11:38:00,refunded
378,836,27,3,101.92,2024-04-11 16:36:00,completed
379,609,61,3,262.02,2024-09-11 17:30:00,completed
380,486,151,6,50.57,2024-03-18 12:06:00,refunded
381,63,136,1,182.0,2024-11-07 13:58:00,cancelled
382,96,144,8,171.8,2024-10-24 15:47:00,completed
383,338,121,5,109.13,2024-02-07 23:25:00,refunded
384,733,179,8,325.91,2024-09-27 14:44:00,cancelled
385,710,144,7,314.81,2024-09-11 11:16:00,completed
386,748,80,3,132.36,2024-03-01 02:33:00,completed
387,294,42,2,254.94,2024-05-30 23:50:00,cancelled
388,947,157,10,304.27,2024-09-12 12:10:00,cancelled
389,156,95,9,171.5,2024-10-30 14:41:00,pending
390,911,62,10,456.81,2024-05-12 18:53:00,completed
391,682,182,4,467.48,2024-05-08 19:28:00,completed
392,137,200,9,351.16,2024-11-08 02:25:00,cancelled
393,969,52,4,460.38,2024-02-29 15:51:00,refunded
394,678,185,6,85.11,2024-02-10 00:11:00,pending
395,644,119,10,150.78,2024-12-24 14:27:00,refunded
396,505,27,4,36.38,2024-11-26 07:57:00,cancelled
397,41,132,1,214.33,2024-01-08 18:51:00,pending
398,636,151,2,158.46,2024-01-26 03:48:00,cancelled
399,984,66,7,419.6,2024-11-18 11:31:00,completed
400,929,193,9,431.61,2024-04-25 23:00:00,refunded
401,740,48,5,379.3,2024-05-30 11:09:00,completed
402,877,138,10,257.28,2024-04-06 02:37:00,completed
403,377,73,8,319.55,2024-02-21 06:16:00,pending
404,384,4,1,327.01,2024-12-05 06:46:00,cancelled
405,488,138,8,373.55,2024-09-06 10:52:00,completed
406,467,179,2,351.64,2024-09-04 09:26:00,cancelled
407,899,161,10,107.87,2024-09-07 12:24:00,completed
408,668,137,10,294.38,2024-06-12 09:09:00,refunded
409,829,196,3,263.12,2024-02-01 19:34:00,refunded
410,832,199,6,207.43,2024-07-23 12:25:00,completed
411,161,130,8,269.28,2024-05-25 11:52:00,completed
412,36,94,6,194.01,2024-01-31 14:02:00,completed
413,908,106,2,407.73,2024-09-10 06:07:00,refunded
414,879,173,2,184.02,2024-09-19 02:19:00,cancelled
415,902,57,8,217.15,2024-05-17 23:10:00,completed
416,49,129,2,34.48,2024-02-06 00:10:00,cancelled
417,738,3,5,28.32,2024-12-10 00:37:00,pending
418,329,47,5,482.3,2024-01-20 20:05:00,completed
419,712,169,1,399.1,2024-07-21 15:18:00,cancelled
420,240,140,4,245.68,2024-06-05 06:24:00,completed
421,425,200,5,306.01,2024-12-23 02:39:00,cancelled
422,797,86,3,451.78,2024-04-25 10:12:00,cancelled
423,563,39,9,246.33,2024-09-24 10:32:00,pending
424,830,18,8,361.41,2024-03-06 09:00:00,completed
425,538,39,6,373.04,2024-08-08 16:21:00,cancelled
426,738,195,7,491.93,2024-10-11 17:37:00,completed
427,797,14,8,412.11,2024-11-29 06:44:00,pending
428,611,13,4,343.92,2024-09-23 23:05:00,completed
429,54,74,2,59.65,2024-12-15 06:21:00,pending
430,568,165,2,273.64,2024-03-12 08:25:00,refunded
431,591,24,1,320.17,2024-04-04 22:17:00,pending
432,443,104,2,332.61,2024-08-13 01:11:00,refunded
433,280,69,8,71.38,2024-02-04 21:30:00,cancelled
434,226,142,7,141.93,2024-08-17 01:08:00,pending
435,321,180,7,185.12,2024-06-18 06:34:00,pending
436,936,93,1,260.36,2024-12-24 07:43:00,refunded
437,732,182,3,423.87,2024-08-06 23:59:00,cancelled
438,771,24,8,218.55,2024-10-24 15:49:00,refunded
439,970,95,10,191.81,2024-08-19 18:06:00,cancelled
440,252,91,2,102.82,2024-01-09 19:38:00,pending
441,863,146,3,464.39,2024-04-02 21:08:00,refunded
442,558,104,7,357.18,2024-01-05 17:38:00,cancelled
443,181,67,2,276.46,2024-07-20 18:23:00,pending
444,33,139,6,495.12,2024-09-16 23:10:00,completed
445,105,123,5,193.21,2024-11-18 11:04:00,refunded
446,553,9,1,44.82,2024-08-29 22:18:00,cancelled
447,481,49,10,282.17,2024-11-14 03:17:00,cancelled
448,501,35,9,114.7,2024-07-08 11:36:00,pending
449,423,31,6,233.05,2024-03-27 11:12:00,cancelled
450,463,133,7,410.54,2024-06-01 13:00:00,cancelled
451,713,119,10,85.67,2024-06-19 17:46:00,pending
452,82,4,2,413.8,2024-12-04 03:06:00,pending
453,168,62,1,453.95,2024-10-29 10:08:00,cancelled
454,896,158,4,140.51,2024-04-23 23:26:00,pending
455,804,94,10,85.17,2024-02-25 07:31:00,pending
456,586,187,4,31.34,2024-08-12 10:15:00,cancelled
457,276,11,5,380.48,2024-06-01 05:16:00,completed
458,947,186,9,152.29,2024-06-29 19:49:00,cancelled
459,668,171,2,358.94,2024-02-12 04:56:00,refunded
460,259,141,1,64.69,2024-07-01 07:45:00,completed
461,748,141,1,364.52,2024-07-13 17:22:00,refunded
462,79,141,4,380.29,2024-10-07 13:43:00,pending
463,913,133,4,261.52,2024-05-17 06:12:00,cancelled
464,72,72,5,314.94,2024-02-28 03:17:00,refunded
465,380,43,6,93.92,2024-07-10 19:13:00,completed
466,227,60,4,236.31,2024-10-22 22:09:00,completed
467,647,171,10,139.66,2024-12-27 21:03:00,refunded
468,3,93,4,404.31,2024-11-18 15:30:00,pending
469,991,159,2,217.36,2024-02-01 16:50:00,cancelled
470,631,68,8,473.65,2024-04-10 19:23:00,completed
471,111,3,5,366.69,2024-12-01 08:00:00,completed
472,154,35,3,280.0,2024-08-09 07:20:00,completed
473,720,188,3,36.35,2024-02-19 12:01:00,cancelled
474,506,18,2,30.62,2024-11-14 16:58:00,completed
475,743,106,7,135.02,2024-06-08 23:05:00,completed
476,58,148,6,356.18,2024-11-21 08:23:00,cancelled
477,825,139,10,86.75,2024-12-19 08:35:00,completed
478,456,178,9,103.81,2024-04-06 01:47:00,completed
479,199,12,2,175.67,2024-04-10 17:27:00,pending
480,917,109,2,172.12,2024-02-01 23:27:00,completed
481,395,142,6,31.27,2024-06-15 22:23:00,cancelled
482,410,18,8,167.11,2024-02-14 04:34:00,cancelled
483,183,59,10,354.25,2024-03-01 04:04:00,completed
484,53,88,2,32.16,2024-09-27 08:03:00,cancelled
485,996,161,4,259.93,2024-09-06 12:25:00,completed
486,990,100,7,360.13,2024-09-10 07:44:00,completed
487,420,53,8,480.52,2024-10-18 01:18:00,cancelled
488,662,176,9,415.7,2024-10-19 00:28:00,pending
489,823,183,10,337.08,2024-10-07 05:19:00,pending
490,787,99,6,227.12,2024-04-22 06:25:00,pending
491,909,38,4,35.49,2024-03-04 12:00:00,cancelled
492,155,37,8,444.06,2024-08-05 23:58:00,cancelled
493,509,70,10,35.78,2024-04-12 01:11:00,refunded
494,129,176,3,21.42,2024-07-04 17:52:00,refunded
495,265,74,9,331.89,2024-05-01 12:55:00,completed
496,981,111,1,447.98,2024-07-14 17:59:00,pending
497,911,198,7,143.22,2024-03-17 21:18:00,completed
498,286,48,4,89.18,2024-01-29 12:48:00,refunded
499,466,110,10,193.65,2024-04-17 23:33:00,completed
500,954,86,7,472.57,2024-11-18 07:52:00,cancelled
501,13,94,9,262.86,2024-05-26 23:27:00,refunded
502,846,106,3,217.27,2024-08-05 02:06:00,completed
503,581,32,5,41.13,2024-09-07 09:59:00,cancelled
504,596,94,9,306.84,2024-11-15 11:14:00,pending
505,978,171,2,208.45,2024-09-25 14:25:00,cancelled
506,782,126,8,85.47,2024-08-24 18:33:00,refunded
507,975,169,3,97.55,2024-10-31 14:40:00,pending
508,440,116,10,41.3,2024-07-29 09:18:00,cancelled
509,482,33,8,100.22,2024-04-16 07:05:00,cancelled
510,267,59,2,349.15,2024-12-25 05:20:00,completed
511,374,87,4,79.62,2024-05-21 15:43:00,pending
512,14,169,2,315.64,2024-07-10 12:01:00,refunded
513,465,89,2,260.95,2024-10-09 00:01:00,refunded
514,67,22,6,181.29,2024-08-20 19:14:00,refunded
515,443,123,9,209.47,2024-12-14 15:25:00,completed
516,149,34,3,255.12,2024-03-27 05:18:00,completed
517,239,119,6,267.84,2024-03-03 09:58:00,completed
518,606,72,1,353.41,2024-11-16 02:39:00,refunded
519,159,177,9,255.01,2024-10-02 22:06:00,pending
520,916,141,5,81.4,2024-01-28 04:20:00,cancelled
521,913,76,4,200.85,2024-01-09 15:50:00,cancelled
522,366,117,5,77.27,2024-10-01 10:12:00,cancelled
523,137,153,3,199.39,2024-08-12 06:45:00,cancelled
524,446,175,2,81.02,2024-11-20 07:20:00,pending
525,693,48,2,231.19,2024-01-03 05:49:00,completed
526,356,120,3,256.0,2024-01-07 13:30:00,pending
527,691,11,2,214.78,2024-12-14 04:53:00,pending
528,827,91,9,22.17,2024-04-13 21:35:00,completed
529,374,149,3,41.84,2024-03-08 14:33:00,cancelled
530,341,154,9,236.5,2024-02-23 08:26:00,cancelled
531,709,68,9,275.8,2024-11-01 12:49:00,refunded
532,648,72,3,351.86,2024-09-07 12:30:00,pending
533,455,97,10,121.4,2024-02-10 09:36:00,completed
534,969,26,2,26.68,2024-09-26 07:35:00,cancelled
535,347,116,5,75.99,2024-07-22 09:35:00,cancelled
536,955,58,6,43.83,2024-10-06 15:33:00,completed
537,455,81,5,341.27,2024-12-18 20:32:00,cancelled
538,418,58,8,150.32,2024-12-14 20:30:00,cancelled
539,912,103,1,299.93,2024-12-27 06:32:00,refunded
540,681,15,6,187.93,2024-02-03 04:36:00,cancelled
541,527,108,5,184.25,2024-05-16 12:23:00,refunded
542,126,181,4,145.23,2024-09-08 13:59:00,refunded
543,114,129,4,434.29,2024-12-04 01:41:00,cancelled
544,167,74,3,378.04,2024-03-10 08:37:00,refunded
545,859,75,2,121.4,2024-02-18 04:57:00,pending
546,874,128,3,341.04,2024-06-06 13:36:00,refunded
547,857,188,6,487.4,2024-01-12 05:23:00,completed
548,8,175,10,464.95,2024-11-03 21:24:00,cancelled
549,38,1,6,390.04,2024-09-30 02:27:00,pending
550,892,109,5,370.56,2024-08-05 09:00:00,pending
551,367,186,4,264.66,2024-02-11 15:17:00,pending
552,430,179,3,394.47,2024-10-07 18:03:00,refunded
553,860,126,5,315.74,2024-10-30 22:02:00,completed
554,329,79,5,153.09,2024-02-29 22:14:00,completed
555,703,2,4,171.8,2024-01-13 21:11:00,refunded
556,325,156,10,204.48,2024-10-13 15:44:00,refunded
557,355,190,3,420.87,2024-09-17 07:58:00,refunded
558,959,17,3,290.81,2024-04-10 05:41:00,refunded
559,250,176,1,232.45,2024-02-01 13:52:00,cancelled
560,50,41,8,337.44,2024-11-28 21:28:00,cancelled
561,768,99,9,460.92,2024-12-26 02:19:00,pending
562,681,8,2,318.02,2024-08-06 22:30:00,completed
563,259,40,1,205.51,2024-11-16 01:12:00,completed
564,21,163,6,380.75,2024-02-17 04:32:00,completed
565,494,130,1,369.76,2024-07-29 19:51:00,completed
566,818,117,9,323.73,2024-02-13 21:15:00,pending
567,737,164,10,59.98,2024-03-13 03:17:00,pending
568,285,14,9,332.96,2024-09-10 23:21:00,cancelled
569,204,6,10,351.51,2024-03-25 11:11:00,pending
570,643,186,5,58.11,2024-12-21 16:19:00,pending
571,908,115,1,353.24,2024-04-25 22:34:00,pending
572,610,194,9,143.91,2024-08-06 06:54:00,refunded
573,209,17,2,203.34,2024-04-04 04:58:00,cancelled
574,544,28,7,341.82,2024-03-26 02:30:00,cancelled
575,470,7,8,124.05,2024-01-30 21:22:00,completed
576,162,110,3,229.02,2024-01-25 14:21:00,completed
577,908,76,4,127.14,2024-08-23 23:35:00,refunded
578,678,131,4,359.17,2024-01-05 08:30:00,cancelled
579,461,14,7,58.65,2024-10-15 20:56:00,completed
580,879,196,10,280.58,2024-10-29 08:04:00,refunded
581,10,38,4,306.36,2024-03-22 12:17:00,refunded
582,487,199,6,231.25,2024-03-06 17:55:00,completed
583,670,50,2,414.31,2024-09-24 14:36:00,completed
584,926,38,1,433.23,2024-08-19 01:23:00,refunded
585,371,92,8,240.61,2024-04-30 04:26:00,cancelled
586,621,173,4,280.67,2024-09-20 12:26:00,refunded
587,735,194,9,416.61,2024-08-25 19:03:00,refunded
588,220,131,6,160.53,2024-02-26 13:33:00,completed
589,233,102,2,269.44,2024-12-22 12:44:00,pending
590,361,145,6,165.41,2024-02-24 17:06:00,completed
591,635,160,4,425.0,2024-12-27 08:29:00,pending
592,670,161,5,61.4,2024-07-13 04:08:00,completed
593,833,131,4,226.52,2024-03-27 02:16:00,pending
594,181,5,6,107.48,2024-08-20 21:05:00,cancelled
595,293,16,7,499.13,2024-02-22 23:57:00,refunded
596,172,199,8,127.01,2024-10-21 11:08:00,pending
597,200,139,10,231.07,2024-07-28 12:22:00,pending
598,572,138,5,175.35,2024-04-06 06:01:00,completed
599,307,26,2,352.29,2024-07-19 14:55:00,pending
600,257,73,6,384.2,2024-08-19 07:39:00,cancelled
601,568,135,5,178.43,2024-06-14 09:16:00,completed
602,924,77,1,163.77,2024-08-31 23:21:00,refunded
603,133,139,10,416.8,2024-06-30 13:33:00,cancelled
604,253,163,5,494.1,2024-12-09 04:56:00,refunded
605,705,155,7,397.01,2024-06-16 08:10:00,pending
606,155,80,2,218.26,2024-08-27 21:53:00,completed
607,558,100,8,277.04,2024-09-05 03:56:00,cancelled
608,604,176,5,390.84,2024-10-14 10:41:00,refunded
609,13,85,6,77.69,2024-06-09 02:27:00,refunded
610,100,68,6,147.32,2024-09-29 21:29:00,completed
611,762,19,7,74.85,2024-09-06 01:01:00,completed
612,483,180,4,364.63,2024-02-02 17:17:00,pending
613,65,18,8,167.85,2024-10-06 08:22:00,completed
614,38,47,9,105.53,2024-08-08 09:40:00,pending
615,407,71,1,133.94,2024-09-21 22:02:00,pending
616,207,184,2,268.44,2024-04-24 11:25:00,completed
617,499,45,9,435.56,2024-08-12 23:27:00,cancelled
618,538,37,8,95.48,2024-02-29 02:22:00,refunded
619,963,154,2,43.76,2024-08-01 09:56:00,completed
620,78,106,6,176.5,2024-01-29 10:34:00,cancelled
621,706,16,2,163.44,2024-09-09 06:19:00,completed
622,825,109,4,24.09,2024-04-01 05:44:00,cancelled
623,977,197,1,252.6,2024-04-02 11:59:00,pending
624,126,159,1,161.99,2024-04-06 17:25:00,pending
625,559,22,7,466.45,2024-02-28 21:33:00,refunded
626,442,64,4,454.79,2024-03-04 14:49:00,pending
627,535,143,5,386.94,2024-05-06 03:16:00,cancelled
628,830,47,1,140.01,2024-04-26 01:39:00,completed
629,602,188,10,94.81,2024-01-18 23:11:00,pending
630,830,31,7,22.86,2024-01-26 12:32:00,pending
631,249,122,2,412.54,2024-02-09 17:13:00,refunded
632,557,183,3,179.34,2024-08-07 19:07:00,pending
633,217,41,10,304.45,2024-03-07 08:33:00,refunded
634,599,190,10,96.44,2024-11-15 21:29:00,cancelled
635,702,198,3,365.05,2024-02-20 21:15:00,cancelled
636,721,160,7,248.7,2024-09-09 06:35:00,refunded
637,864,81,3,423.17,2024-10-05 23:31:00,pending
638,952,37,4,329.79,2024-12-19 04:16:00,pending
639,746,177,7,331.45,2024-11-16 01:48:00,cancelled
640,352,20,2,204.73,2024-12-21 01:50:00,refunded
641,788,143,9,414.67,2024-03-11 09:15:00,pending
642,267,106,2,344.71,2024-03-20 08:00:00,completed
643,196,111,6,66.36,2024-06-24 01:44:00,pending
644,284,114,8,375.52,2024-05-16 18:05:00,cancelled
645,643,133,10,202.1,2024-02-20 07:50:00,refunded
646,342,37,8,244.2,2024-09-29 01:47:00,pending
647,964,55,8,498.01,2024-10-04 02:41:00,pending
648,791,169,7,167.27,2024-10-11 02:14:00,cancelled
649,512,149,5,449.26,2024-08-30 18:29:00,completed
650,712,105,3,193.79,2024-12-15 20:54:00,cancelled
651,707,124,4,444.94,2024-03-17 08:52:00,pending
652,80,83,8,176.18,2024-11-17 02:57:00,pending
653,137,111,9,478.83,2024-08-17 08:11:00,completed
654,855,185,9,312.2,2024-03-07 21:55:00,pending
655,573,117,6,170.97,2024-07-30 10:16:00,refunded
656,292,106,1,266.49,2024-10-13 17:21:00,cancelled
657,57,182,8,119.65,2024-02-27 01:06:00,pending
658,829,95,10,348.66,2024-01-01 04:04:00,refunded
659,224,150,1,466.27,2024-11-29 03:50:00,refunded
660,777,75,5,32.32,2024-04-22 21:12:00,cancelled
661,520,176,8,128.98,2024-05-17 01:28:00,completed
662,270,143,6,457.42,2024-09-15 02:16:00,pending
663,773,102,6,376.31,2024-04-01 13:43:00,refunded
664,64,58,3,373.37,2024-07-22 07:11:00,pending
665,890,116,4,210.85,2024-09-08 10:36:00,completed
666,377,143,1,182.38,2024-04-06 08:32:00,completed
667,566,121,4,390.04,2024-08-30 10:23:00,completed
668,899,165,4,409.74,2024-12-14 07:20:00,refunded
669,543,170,6,174.67,2024-12-05 10:56:00,pending
670,476,136,1,95.39,2024-11-12 15:34:00,completed
671,802,90,2,375.24,2024-08-17 20:44:00,refunded
672,7,86,3,248.6,2024-10-24 18:27:00,refunded
673,258,151,4,255.29,2024-05-04 05:57:00,pending
674,890,186,3,365.74,2024-04-30 16:53:00,pending
675,629,114,10,422.55,2024-08-11 13:54:00,completed
676,753,29,1,25.4,2024-06-02 05:36:00,completed
677,985,21,1,260.25,2024-08-21 21:56:00,completed
678,898,198,2,435.31,2024-05-13 20:09:00,pending
679,95,134,2,173.69,2024-03-20 08:19:00,pending
680,582,159,3,290.44,2024-02-15 23:28:00,pending
681,204,124,5,486.13,2024-06-28 06:58:00,completed
682,831,178,10,310.21,2024-11-01 22:51:00,completed
683,117,34,4,405.98,2024-08-05 15:29:00,completed
684,561,73,5,46.18,2024-07-04 07:26:00,completed
685,668,184,2,169.68,2024-03-11 03:48:00,pending
686,473,133,6,364.04,2024-01-04 04:58:00,refunded
687,225,30,9,200.75,2024-09-05 07:47:00,cancelled
688,133,136,3,339.94,2024-06-20 17:47:00,refunded
689,239,188,3,30.39,2024-02-02 01:28:00,pending
690,758,114,2,378.75,2024-12-20 18:03:00,cancelled
691,197,5,3,164.72,2024-03-17 09:31:00,refunded
692,335,111,2,109.27,2024-07-08 13:30:00,cancelled
693,105,51,6,470.23,2024-11-17 00:58:00,refunded
694,581,56,2,383.85,2024-12-24 15:55:00,cancelled
695,939,123,2,46.29,2024-12-05 15:02:00,refunded
696,337,162,1,244.34,2024-04-04 02:16:00,completed
697,54,138,9,449.77,2024-09-03 08:48:00,pending
698,631,117,9,152.41,2024-07-03 10:53:00,completed
699,425,67,1,68.24,2024-01-18 02:41:00,refunded
700,988,114,10,241.67,2024-05-19 23:35:00,pending
701,144,40,9,341.34,2024-11-20 04:13:00,completed
702,194,182,10,188.29,2024-05-20 21:28:00,refunded
703,862,106,6,26.37,2024-11-06 18:14:00,completed
704,253,197,1,78.58,2024-03-03 17:17:00,completed
705,313,199,7,41.76,2024-06-19 21:44:00,pending
706,280,114,7,282.33,2024-08-13 10:18:00,pending
707,27,185,6,182.49,2024-04-06 02:28:00,cancelled
708,692,55,10,124.26,2024-01-29 13:31:00,refunded
709,373,43,4,324.21,2024-10-11 06:24:00,completed
710,991,99,6,350.28,2024-09-05 13:56:00,refunded
711,880,192,7,434.39,2024-01-09 21:25:00,completed
712,767,133,2,150.76,2024-10-19 13:33:00,refunded
713,746,29,5,263.78,2024-08-21 18:39:00,cancelled
714,581,60,1,90.91,2024-03-05 16:24:00,pending
715,779,107,1,317.8,2024-05-03 22:03:00,completed
716,766,17,9,136.99,2024-09-30 05:20:00,pending
717,768,87,2,450.09,2024-04-23 20:39:00,pending
718,738,169,5,395.95,2024-01-19 00:22:00,completed
719,685,188,6,394.86,2024-05-16 07:04:00,refunded
720,251,158,3,150.74,2024-07-12 20:28:00,completed
721,967,57,9,431.9,2024-12-19 00:17:00,pending
722,895,103,7,348.47,2024-01-26 08:54:00,cancelled
723,567,79,1,454.67,2024-10-15 04:10:00,refunded
724,750,13,7,266.23,2024-03-25 08:03:00,completed
725,631,124,9,471.04,2024-12-02 13:54:00,completed
726,558,178,10,252.13,2024-08-10 22:26:00,completed
727,241,101,3,244.52,2024-01-11 12:16:00,pending
728,249,35,2,103.51,2024-01-23 12:16:00,cancelled
729,991,12,8,476.53,2024-07-15 05:29:00,pending
730,202,179,5,113.01,2024-09-26 17:54:00,refunded
731,216,162,5,402.62,2024-12-29 13:26:00,completed
732,457,46,8,243.25,2024-04-13 16:00:00,refunded
733,696,173,1,227.55,2024-01-03 06:12:00,completed
734,534,138,8,53.64,2024-02-23 06:54:00,pending
735,499,40,5,227.29,2024-08-29 11:33:00,pending
736,210,183,10,115.09,2024-12-18 14:32:00,refunded
737,685,8,6,75.51,2024-01-25 14:28:00,completed
738,675,124,3,194.31,2024-07-17 14:28:00,refunded
739,236,79,3,459.8,2024-12-06 11:34:00,completed
740,335,162,5,330.87,2024-05-03 03:13:00,cancelled
741,764,151,10,404.05,2024-12-10 21:40:00,pending
742,537,83,10,320.99,2024-02-17 04:37:00,cancelled
743,61,182,5,452.02,2024-09-07 16:23:00,cancelled
744,335,158,10,454.9,2024-06-20 04:36:00,refunded
745,853,105,9,347.99,2024-08-06 08:33:00,cancelled
746,925,47,10,372.53,2024-12-07 19:41:00,completed
747,563,190,8,240.06,2024-04-21 18:35:00,cancelled
748,166,72,7,48.92,2024-09-15 22:44:00,cancelled
749,628,23,4,282.3,2024-11-16 13:07:00,pending
750,645,165,10,184.35,2024-12-27 03:13:00,pending
751,852,63,2,184.19,2024-10-28 11:20:00,completed
752,829,200,7,208.61,2024-05-19 07:18:00,pending
753,600,37,1,145.63,2024-01-30 10:17:00,cancelled
754,957,72,1,379.62,2024-12-03 21:05:00,pending
755,544,88,8,227.87,2024-07-24 21:11:00,refunded
756,617,154,7,199.06,2024-06-15 11:45:00,pending
757,708,188,10,73.38,2024-10-10 01:50:00,pending
758,348,28,5,225.01,2024-09-19 02:48:00,pending
759,583,186,2,33.78,2024-09-10 22:32:00,completed
760,766,34,7,102.9,2024-07-24 19:31:00,refunded
761,516,62,6,120.77,2024-09-01 21:09:00,refunded
762,70,174,9,131.56,2024-10-07 17:29:00,pending
763,290,19,8,124.35,2024-04-25 13:01:00,refunded
764,978,74,1,457.88,2024-07-05 03:49:00,cancelled
765,530,170,2,365.52,2024-02-09 00:43:00,pending
766,550,175,6,196.62,2024-04-12 11:13:00,cancelled
767,13,22,3,462.03,2024-07-01 17:15:00,refunded
768,332,70,10,242.01,2024-11-10 19:20:00,cancelled
769,968,44,6,450.69,2024-03-09 10:32:00,refunded
770,630,21,1,66.57,2024-02-01 01:01:00,cancelled
771,343,90,7,80.46,2024-10-17 13:12:00,refunded
772,69,134,4,470.49,2024-02-13 16:02:00,cancelled
773,359,38,6,286.73,2024-01-17 18:34:00,completed
774,351,88,5,29.89,2024-11-21 12:15:00,pending
775,421,66,2,337.2,2024-04-11 23:04:00,pending
776,500,199,7,139.52,2024-07-26 12:51:00,completed
777,281,88,8,250.5,2024-06-26 19:14:00,cancelled
778,414,189,9,291.51,2024-08-19 06:51:00,cancelled
779,309,200,6,33.49,2024-06-11 01:05:00,cancelled
780,137,176,4,180.97,2024-01-17 06:33:00,completed
781,866,31,1,94.9,2024-01-22 00:25:00,pending
782,900,65,5,395.7,2024-02-18 22:38:00,completed
783,188,57,5,473.02,2024-06-20 16:48:00,pending
784,474,79,6,248.56,2024-12-14 15:12:00,cancelled
785,204,56,7,31.28,2024-01-04 03:38:00,pending
786,54,139,8,82.09,2024-04-02 09:42:00,pending
787,39,38,6,242.26,2024-05-22 03:52:00,cancelled
788,426,89,10,252.81,2024-10-12 19:10:00,cancelled
789,246,16,9,102.89,2024-05-02 08:34:00,refunded
790,401,15,2,470.05,2024-03-29 04:11:00,completed
791,301,135,9,322.12,2024-05-31 14:05:00,completed
792,475,187,7,368.98,2024-06-27 20:20:00,refunded
793,40,98,4,347.3,2024-12-24 03:20:00,completed
794,285,173,3,340.1,2024-02-17 10:56:00,completed
795,825,155,5,289.95,2024-11-20 05:32:00,cancelled
796,537,197,4,452.44,2024-07-03 09:35:00,completed
797,491,151,4,256.19,2024-10-23 11:39:00,pending
798,62,33,6,94.0,2024-09-24 14:46:00,pending
799,301,10,1,393.63,2024-02-17 02:39:00,refunded
800,855,90,9,264.04,2024-07-28 20:38:00,refunded
801,144,18,6,94.18,2024-01-16 04:07:00,refunded
802,544,16,2,206.29,2024-04-22 16:27:00,completed
803,935,50,2,24.37,2024-10-04 12:51:00,pending
804,642,65,3,432.09,2024-02-05 20:56:00,pending
805,46,178,8,118.18,2024-11-26 03:58:00,cancelled
806,992,199,5,376.45,2024-12-22 17:14:00,refunded
807,278,20,9,467.71,2024-10-16 09:46:00,completed
808,950,93,2,199.06,2024-11-15 15:49:00,completed
809,685,152,7,156.01,2024-06-13 04:47:00,completed
810,554,78,3,493.23,2024-09-08 21:06:00,pending
811,920,193,7,478.98,2024-03-14 18:43:00,pending
812,995,159,10,228.76,2024-01-05 08:10:00,completed
813,625,200,9,95.16,2024-05-26 00:33:00,refunded
814,112,169,6,129.09,2024-03-30 15:18:00,refunded
815,619,196,3,200.47,2024-07-14 03:39:00,cancelled
816,145,36,1,74.12,2024-09-27 03:27:00,completed
817,636,184,6,488.42,2024-06-08 09:14:00,refunded
818,299,140,7,481.36,2024-04-15 20:30:00,pending
819,926,49,7,393.79,2024-04-13 00:38:00,completed
820,645,73,1,302.42,2024-01-26 01:37:00,refunded
821,277,149,6,114.75,2024-01-17 12:11:00,completed
822,454,73,10,90.87,2024-11-12 19:46:00,refunded
823,433,39,10,183.97,2024-02-12 23:14:00,refunded
824,220,133,10,293.33,2024-11-07 01:16:00,cancelled
825,201,64,4,109.31,2024-02-21 00:41:00,completed
826,651,91,3,122.41,2024-05-23 01:24:00,cancelled
827,675,35,2,488.92,2024-04-28 06:07:00,pending
828,467,114,10,304.42,2024-05-23 14:52:00,completed
829,501,16,8,321.05,2024-07-20 15:12:00,refunded
830,791,108,5,132.33,2024-01-11 01:46:00,cancelled
831,617,3,7,70.69,2024-11-09 03:25:00,cancelled
832,587,115,6,306.81,2024-05-28 12:04:00,cancelled
833,905,124,7,484.1,2024-11-11 23:48:00,refunded
834,246,166,4,349.21,2024-02-08 10:35:00,refunded
835,523,187,9,481.7,2024-12-21 11:13:00,cancelled
836,20,167,3,191.4,2024-01-20 16:39:00,cancelled
837,953,20,6,64.79,2024-08-02 14:16:00,cancelled
838,261,71,7,369.8,2024-07-19 07:04:00,completed
839,799,154,10,180.87,2024-10-21 09:21:00,refunded
840,460,123,1,334.37,2024-03-20 20:44:00,completed
841,804,102,3,482.31,2024-04-12 23:27:00,refunded
842,42,75,9,292.14,2024-03-06 03:38:00,completed
843,117,37,8,397.68,2024-01-05 06:26:00,refunded
844,250,60,7,98.69,2024-02-08 22:24:00,pending
845,861,102,2,472.74,2024-06-20 08:14:00,completed
846,10,157,10,43.8,2024-09-17 09:16:00,cancelled
847,204,28,8,287.74,2024-03-02 20:08:00,refunded
848,465,127,7,73.6,2024-08-10 07:10:00,refunded
849,441,165,9,353.24,2024-11-26 20:26:00,pending
850,882,12,2,233.18,2024-04-03 07:30:00,refunded
851,12,61,4,446.45,2024-11-16 23:26:00,pending
852,939,200,9,308.06,2024-04-14 08:20:00,refunded
853,277,34,10,180.03,2024-10-15 12:52:00,cancelled
854,607,80,2,39.98,2024-03-24 13:13:00,cancelled
855,112,45,1,43.65,2024-07-08 20:45:00,pending
856,601,47,3,273.15,2024-12-14 06:21:00,completed
857,918,59,1,420.93,2024-03-05 22:53:00,cancelled
858,101,73,9,313.7,2024-12-06 05:29:00,completed
859,756,18,8,68.67,2024-12-25 14:16:00,refunded
860,505,118,5,495.92,2024-09-26 01:31:00,cancelled
861,610,168,1,81.7,2024-08-05 12:26:00,refunded
862,579,118,3,35.09,2024-01-24 18:48:00,completed
863,480,151,9,211.66,2024-07-27 10:56:00,completed
864,22,183,10,290.09,2024-06-05 11:45:00,pending
865,805,198,10,33.96,2024-11-17 18:10:00,refunded
866,340,39,4,128.83,2024-11-22 20:20:00,completed
867,467,196,7,152.44,2024-05-16 09:36:00,cancelled
868,594,177,6,479.52,2024-06-21 23:56:00,pending
869,917,192,1,433.49,2024-02-05 14:27:00,refunded
870,866,21,1,495.4,2024-06-01 05:19:00,cancelled
871,691,173,4,212.94,2024-10-28 07:11:00,completed
872,459,27,2,415.22,2024-09-02 07:35:00,completed
873,222,118,10,236.24,2024-05-11 17:57:00,refunded
874,103,16,1,399.8,2024-10-06 15:26:00,refunded
875,21,10,9,261.11,2024-02-08 00:55:00,cancelled
876,517,94,6,464.12,2024-01-29 21:58:00,cancelled
877,54,42,8,309.71,2024-06-10 19:16:00,cancelled
878,750,74,9,353.42,2024-10-02 04:56:00,completed
879,178,81,9,422.11,2024-08-30 01:48:00,completed
880,500,160,3,400.26,2024-08-02 19:02:00,pending
881,762,101,6,226.24,2024-10-10 14:41:00,refunded
882,72,4,9,201.28,2024-02-27 06:05:00,completed
883,234,160,5,21.06,2024-11-10 14:09:00,refunded
884,975,7,3,297.86,2024-09-18 11:32:00,completed
885,433,25,3,42.99,2024-01-28 04:52:00,refunded
886,171,41,1,123.74,2024-01-01 16:10:00,cancelled
887,841,193,9,297.24,2024-01-25 22:42:00,completed
888,887,121,7,135.78,2024-12-07 12:18:00,completed
889,187,31,6,298.94,2024-07-17 00:59:00,completed
890,929,124,3,418.61,2024-03-07 16:57:00,completed
891,326,44,1,379.33,2024-09-22 21:40:00,completed
892,377,10,8,343.79,2024-04-10 13:33:00,completed
893,498,145,8,463.08,2024-07-03 15:34:00,pending
894,533,173,5,49.77,2024-07-29 01:46:00,pending
895,290,138,9,148.67,2024-02-15 11:52:00,refunded
896,74,74,7,213.59,2024-09-24 00:16:00,completed
897,578,5,1,22.61,2024-05-05 19:13:00,pending
898,10,41,3,492.61,2024-11-08 17:58:00,cancelled
899,256,114,6,447.92,2024-10-08 21:56:00,refunded
900,153,199,7,442.59,2024-02-12 20:32:00,pending
901,132,9,4,457.78,2024-08-08 18:26:00,completed
902,138,165,8,301.41,2024-08-28 10:52:00,pending
903,76,148,9,123.53,2024-01-03 09:19:00,pending
904,120,70,2,317.22,2024-08-03 08:40:00,cancelled
905,226,51,2,364.67,2024-12-18 06:45:00,refunded
906,845,24,7,96.45,2024-01-27 15:31:00,pending
907,715,90,10,104.98,2024-04-03 01:29:00,completed
908,520,44,1,438.13,2024-12-05 16:03:00,cancelled
909,521,30,10,475.41,2024-04-05 17:10:00,pending
910,437,24,8,399.97,2024-12-22 14:47:00,cancelled
911,632,194,3,46.09,2024-04-25 18:34:00,completed
912,657,156,8,168.21,2024-01-24 18:49:00,completed
913,934,194,4,499.04,2024-11-09 17:47:00,cancelled
914,764,159,3,381.66,2024-09-18 21:36:00,cancelled
915,70,126,9,255.21,2024-06-19 07:30:00,completed
916,569,32,6,430.73,2024-08-22 09:28:00,pending
917,415,121,6,177.53,2024-12-30 12:39:00,completed
918,444,134,8,389.05,2024-04-16 00:18:00,refunded
919,886,107,8,71.13,2024-12-28 10:52:00,cancelled
920,31,185,10,463.36,2024-02-06 01:45:00,refunded
921,902,47,8,153.43,2024-07-04 17:56:00,completed
922,484,89,5,21.76,2024-12-31 06:31:00,pending
923,15,168,9,70.11,2024-10-08 09:38:00,completed
924,631,103,5,52.18,2024-09-19 13:02:00,cancelled
925,814,178,1,441.21,2024-02-01 11:55:00,completed
926,316,24,9,253.58,2024-06-02 04:23:00,completed
927,82,95,6,398.62,2024-02-06 16:32:00,pending
928,708,105,3,444.65,2024-08-10 20:33:00,pending
929,772,62,3,85.92,2024-11-09 01:51:00,pending
930,596,109,9,55.27,2024-12-15 11:22:00,pending
931,330,143,7,247.59,2024-01-09 15:30:00,refunded
932,508,139,2,137.75,2024-09-18 17:16:00,completed
933,164,103,10,174.35,2024-04-26 18:36:00,pending
934,787,70,9,190.09,2024-07-08 20:48:00,pending
935,259,172,3,345.87,2024-12-04 00:47:00,completed
936,91,99,8,160.88,2024-11-06 03:34:00,completed
937,947,163,3,443.0,2024-02-10 09:39:00,cancelled
938,421,171,7,377.31,2024-12-31 16:57:00,refunded
939,571,87,1,224.85,2024-12-03 06:21:00,refunded
940,349,166,7,341.33,2024-01-23 05:27:00,completed
941,760,5,6,465.52,2024-06-29 04:56:00,pending
942,520,73,8,249.9,2024-09-28 15:36:00,refunded
943,979,195,7,198.81,2024-01-19 10:39:00,pending
944,677,83,9,147.13,2024-08-17 07:00:00,completed
945,653,97,3,66.03,2024-12-08 22:28:00,completed
946,263,148,10,325.04,2024-08-14 15:35:00,cancelled
947,359,100,10,106.06,2024-02-26 01:34:00,refunded
948,715,2,7,400.57,2024-10-08 03:15:00,refunded
949,815,197,8,168.84,2024-01-21 11:28:00,completed
950,214,192,3,166.55,2024-06-23 08:06:00,refunded
951,744,107,9,59.18,2024-01-11 00:12:00,completed
952,400,41,3,394.96,2024-02-20 13:37:00,refunded
953,581,133,5,180.39,2024-11-06 12:09:00,pending
954,989,90,2,317.72,2024-02-09 23:51:00,refunded
955,521,59,10,74.94,2024-04-14 18:11:00,refunded
956,677,99,8,315.43,2024-04-10 17:57:00,pending
957,76,194,9,419.11,2024-03-02 12:23:00,completed
958,641,162,7,174.73,2024-02-13 08:08:00,cancelled
959,40,169,9,398.84,2024-11-19 08:13:00,cancelled
960,996,185,1,182.39,2024-03-16 19:17:00,refunded
961,963,125,5,371.56,2024-03-22 20:39:00,refunded
962,358,80,3,490.69,2024-03-19 16:44:00,cancelled
963,205,155,9,414.25,2024-06-06 00:27:00,refunded
964,748,44,9,486.14,2024-05-30 10:13:00,cancelled
965,894,144,8,469.99,2024-04-29 17:19:00,completed
966,317,162,9,136.2,2024-07-03 05:19:00,pending
967,10,18,10,27.3,2024-08-18 23:38:00,refunded
968,373,136,3,483.45,2024-11-09 20:48:00,completed
969,228,121,6,77.08,2024-05-14 03:38:00,cancelled
970,301,20,10,105.7,2024-08-25 06:21:00,refunded
971,509,196,9,245.42,2024-08-16 03:34:00,completed
972,862,19,7,311.43,2024-10-05 05:58:00,refunded
973,293,178,8,163.07,2024-09-22 11:13:00,completed
974,584,52,3,201.48,2024-04-30 04:12:00,pending
975,188,182,5,458.33,2024-02-22 19:22:00,cancelled
976,919,106,2,428.42,2024-03-03 05:06:00,refunded
977,844,60,10,51.69,2024-12-21 10:17:00,completed
978,656,90,6,173.86,2024-11-21 16:58:00,refunded
979,846,198,5,425.65,2024-08-13 17:42:00,refunded
980,828,74,2,235.62,2024-11-06 15:02:00,completed
981,969,49,6,221.6,2024-09-25 14:19:00,pending
982,218,31,8,292.15,2024-07-16 15:16:00,refunded
983,43,60,2,80.86,2024-01-31 19:00:00,refunded
984,704,63,8,119.21,2024-12-12 12:06:00,refunded
985,553,31,7,391.63,2024-05-17 06:20:00,cancelled
986,68,24,3,76.64,2024-07-13 21:40:00,cancelled
987,788,178,7,253.54,2024-05-06 02:01:00,cancelled
988,52,37,10,60.52,2024-10-02 04:15:00,refunded
989,483,176,7,201.85,2024-04-03 20:55:00,pending
990,743,126,8,242.93,2024-02-06 03:07:00,refunded
991,638,191,3,171.96,2024-06-19 00:33:00,refunded
992,598,14,9,485.06,2024-04-05 09:43:00,pending
993,924,112,10,63.81,2024-11-27 16:26:00,refunded
994,809,185,3,171.01,2024-11-26 02:40:00,cancelled
995,868,74,6,253.65,2024-02-20 09:05:00,completed
996,238,82,8,178.47,2024-07-28 06:22:00,completed
997,277,80,7,235.15,2024-06-20 11:30:00,refunded
998,363,123,6,37.52,2024-09-14 16:17:00,refunded
999,416,136,6,69.41,2024-02-14 09:22:00,pending
1000,367,53,6,137.59,2024-08-21 09:30:00,completed
1001,74,147,2,336.26,2024-05-03 11:22:00,completed
1002,890,191,5,30.76,2024-10-14 14:33:00,refunded
1003,230,168,7,387.83,2024-11-25 20:20:00,pending
1004,604,146,6,420.28,2024-09-12 12:30:00,pending
1005,683,6,10,207.83,2024-02-09 12:51:00,pending
1006,28,72,10,333.9,2024-04-25 09:56:00,cancelled
1007,859,149,9,335.64,2024-05-16 15:29:00,completed
1008,481,122,4,293.94,2024-10-15 17:28:00,pending
1009,988,156,2,342.09,2024-04-30 06:05:00,cancelled
1010,684,183,5,80.97,2024-02-12 18:28:00,refunded
1011,173,23,4,388.66,2024-06-25 14:56:00,pending
1012,398,5,1,151.77,2024-07-07 07:03:00,refunded
1013,466,62,10,154.65,2024-11-28 22:18:00,pending
1014,851,11,10,459.09,2024-06-15 06:29:00,completed
1015,308,188,6,365.86,2024-01-27 15:17:00,refunded
1016,874,54,4,128.05,2024-12-09 15:55:00,pending
1017,680,58,3,141.63,2024-02-20 06:04:00,refunded
1018,860,122,2,493.4,2024-05-09 06:59:00,pending
1019,331,151,9,39.79,2024-10-23 13:36:00,pending
1020,866,156,10,178.75,2024-03-18 13:05:00,completed
1021,256,30,4,59.15,2024-10-17 21:08:00,completed
1022,750,104,2,466.01,2024-09-26 05:57:00,refunded
1023,231,19,6,404.84,2024-12-14 21:58:00,pending
1024,630,132,4,161.11,2024-08-26 20:38:00,refunded
1025,385,86,1,396.59,2024-04-28 01:28:00,refunded
1026,135,184,6,307.34,2024-12-07 11:02:00,cancelled
1027,325,1,9,310.66,2024-05-13 14:21:00,pending
1028,745,42,7,215.03,2024-08-26 23:03:00,cancelled
1029,588,158,6,208.08,2024-10-16 20:28:00,cancelled
1030,608,119,5,86.9,2024-06-05 21:51:00,pending
1031,579,103,9,139.6,2024-03-03 08:54:00,cancelled
1032,81,113,4,129.75,2024-03-04 15:19:00,refunded
1033,452,14,4,120.53,2024-06-15 00:06:00,cancelled
1034,893,200,9,78.91,2024-12-10 20:42:00,completed
1035,564,110,9,95.75,2024-12-16 03:43:00,refunded
1036,863,66,1,219.46,2024-06-19 19:22:00,cancelled
1037,31,73,7,107.06,2024-11-09 07:04:00,completed
1038,670,2,8,442.74,2024-10-08 11:30:00,refunded
1039,732,153,2,323.35,2024-12-21 02:38:00,pending
1040,923,54,10,151.82,2024-08-15 10:52:00,refunded
1041,187,195,2,449.17,2024-02-14 12:17:00,pending
1042,493,8,8,368.7,2024-05-09 14:34:00,completed
1043,101,180,5,169.09,2024-06-16 17:36:00,cancelled
1044,325,194,3,360.64,2024-06-04 23:16:00,refunded
1045,191,82,6,197.01,2024-04-10 19:29:00,refunded
1046,894,124,2,228.35,2024-07-12 05:55:00,cancelled
1047,143,113,9,341.01,2024-02-12 23:49:00,pending
1048,464,109,7,81.76,2024-01-12 16:36:00,refunded
1049,241,184,10,310.39,2024-12-22 23:31:00,pending
1050,494,167,8,244.24,2024-05-13 17:49:00,pending
1051,876,23,6,399.53,2024-06-30 23:45:00,cancelled
1052,880,75,7,314.18,2024-06-07 05:02:00,refunded
1053,719,4,7,214.27,2024-09-13 23:53:00,pending
1054,166,99,8,343.0,2024-06-01 23:52:00,pending
1055,749,150,2,467.11,2024-10-14 21:07:00,cancelled
1056,143,190,8,221.97,2024-04-29 18:44:00,refunded
1057,933,40,6,125.77,2024-11-30 23:21:00,cancelled
1058,424,101,3,433.68,2024-02-25 19:00:00,cancelled
1059,205,6,5,296.21,2024-05-23 15:28:00,pending
1060,924,12,1,220.57,2024-03-03 16:27:00,refunded
1061,781,89,10,241.17,2024-12-23 15:14:00,pending
1062,966,73,8,168.13,2024-01-03 16:22:00,pending
1063,541,40,6,141.05,2024-11-17 12:11:00,pending
1064,974,143,9,236.69,2024-07-12 05:14:00,completed
1065,433,107,7,362.7,2024-11-11 20:11:00,pending
1066,115,56,2,261.71,2024-05-16 02:22:00,completed
1067,958,89,4,47.03,2024-02-15 07:51:00,cancelled
1068,480,126,10,425.31,2024-05-25 21:02:00,completed
1069,113,72,4,301.36,2024-02-12 14:17:00,completed
1070,390,10,5,178.89,2024-11-06 21:43:00,cancelled
1071,576,143,8,359.79,2024-08-24 03:13:00,completed
1072,65,129,5,91.72,2024-11-22 22:27:00,pending
1073,198,170,10,48.58,2024-05-12 02:08:00,cancelled
1074,775,87,6,182.43,2024-06-13 23:57:00,refunded
1075,562,28,1,28.97,2024-05-17 03:33:00,pending
1076,855,114,1,396.79,2024-10-28 10:01:00,cancelled
1077,195,79,5,393.03,2024-09-24 03:43:00,completed
1078,348,68,5,204.48,2024-12-31 12:17:00,cancelled
1079,539,77,2,275.54,2024-10-09 15:44:00,cancelled
1080,107,75,9,116.96,2024-08-30 06:56:00,pending
1081,806,20,6,444.83,2024-11-01 15:40:00,refunded
1082,505,63,1,341.8,2024-10-14 12:20:00,cancelled
1083,520,196,1,241.73,2024-02-22 14:36:00,completed
1084,98,135,7,451.32,2024-04-16 17:41:00,pending
1085,30,140,1,120.91,2024-06-30 22:08:00,cancelled
1086,797,34,4,49.05,2024-07-04 04:43:00,pending
1087,368,81,1,253.63,2024-08-23 09:43:00,refunded
1088,158,139,8,111.32,2024-08-19 00:17:00,completed
1089,306,167,10,73.86,2024-07-13 10:28:00,pending
1090,660,47,9,487.06,2024-02-16 20:29:00,pending
1091,329,185,5,153.37,2024-04-25 20:28:00,completed
1092,13,63,4,262.67,2024-08-22 20:58:00,pending
1093,193,199,7,489.21,2024-12-12 02:23:00,refunded
1094,322,170,4,481.61,2024-08-20 17:41:00,completed
1095,465,90,5,240.06,2024-08-14 05:36:00,pending
1096,963,88,9,128.38,2024-12-11 07:00:00,refunded
1097,659,38,7,400.47,2024-07-19 00:52:00,pending
1098,549,101,2,498.15,2024-10-02 18:45:00,refunded
1099,217,59,6,78.14,2024-10-11 02:39:00,pending
1100,376,118,7,279.82,2024-03-31 00:38:00,pending
1101,319,53,6,240.64,2024-04-07 16:10:00,cancelled
1102,183,63,9,187.63,2024-10-23 13:13:00,pending
1103,74,138,9,427.99,2024-07-10 10:48:00,cancelled
1104,769,197,8,238.2,2024-12-25 07:10:00,completed
1105,120,16,10,486.97,2024-06-19 16:31:00,pending
1106,958,99,4,339.11,2024-10-07 16:59:00,completed
1107,722,196,5,172.29,2024-09-11 00:57:00,completed
1108,896,26,1,111.56,2024-03-11 04:04:00,cancelled
1109,205,127,5,70.21,2024-03-13 20:16:00,cancelled
1110,902,123,9,403.09,2024-05-10 13:54:00,completed
1111,984,159,7,161.1,2024-06-08 03:47:00,pending
1112,668,154,10,354.47,2024-08-05 03:42:00,cancelled
1113,799,132,4,59.19,2024-07-13 12:39:00,pending
1114,646,145,9,416.01,2024-12-01 21:17:00,refunded
1115,347,12,5,333.59,2024-06-22 18:19:00,pending
1116,485,73,2,140.03,2024-09-16 06:48:00,pending
1117,634,195,4,446.78,2024-01-16 15:17:00,completed
1118,812,54,8,182.45,2024-02-15 06:37:00,completed
1119,405,137,1,200.6,2024-10-27 03:44:00,cancelled
1120,94,178,8,422.59,2024-05-31 21:22:00,completed
1121,318,23,9,311.32,2024-05-12 22:48:00,completed
1122,985,14,8,71.94,2024-03-07 04:32:00,completed
1123,269,3,1,244.77,2024-10-25 15:16:00,completed
1124,304,102,4,350.8,2024-04-17 23:16:00,refunded
1125,24,56,4,152.73,2024-09-04 12:58:00,refunded
1126,62,28,1,70.2,2024-03-19 18:27:00,cancelled
1127,337,1,2,238.03,2024-02-19 02:57:00,refunded
1128,469,81,5,225.89,2024-12-07 14:07:00,cancelled
1129,599,153,2,337.98,2024-05-01 19:25:00,completed
1130,583,162,2,382.63,2024-01-23 17:12:00,completed
1131,500,189,9,288.46,2024-09-21 18:08:00,cancelled
1132,620,197,3,108.12,2024-02-05 13:27:00,completed
1133,562,91,7,151.99,2024-03-20 22:50:00,pending
1134,311,8,1,355.63,2024-03-07 22:52:00,completed
1135,226,119,7,101.2,2024-05-22 02:58:00,refunded
1136,85,104,1,317.85,2024-07-14 11:25:00,completed
1137,903,32,7,272.83,2024-08-31 06:32:00,completed
1138,350,66,9,222.88,2024-12-05 21:27:00,completed
1139,176,2,3,80.05,2024-10-10 22:00:00,refunded
1140,167,172,2,93.93,2024-06-16 13:04:00,completed
1141,497,68,8,343.45,2024-01-05 12:10:00,refunded
1142,728,132,10,428.59,2024-03-04 14:43:00,pending
1143,982,110,8,430.52,2024-06-17 13:11:00,pending
1144,637,130,7,368.53,2024-08-06 19:09:00,pending
1145,87,120,5,91.93,2024-04-15 07:49:00,cancelled
1146,113,29,7,126.94,2024-10-13 07:46:00,cancelled
1147,14,169,8,329.13,2024-05-06 02:09:00,cancelled
1148,695,112,1,361.25,2024-06-05 13:46:00,refunded
1149,478,153,6,221.12,2024-09-04 12:53:00,refunded
1150,313,16,8,276.9,2024-09-12 15:46:00,cancelled
1151,446,124,5,352.88,2024-04-09 14:36:00,refunded
1152,360,62,3,336.63,2024-10-02 17:37:00,refunded
1153,350,58,1,258.91,2024-01-11 00:42:00,refunded
1154,960,143,6,98.77,2024-09-14 09:45:00,cancelled
1155,42,38,1,292.66,2024-11-26 06:32:00,completed
1156,416,28,1,289.37,2024-05-22 17:23:00,refunded
1157,379,15,9,302.49,2024-03-01 11:44:00,pending
1158,782,154,1,206.25,2024-11-07 12:38:00,cancelled
1159,848,47,1,313.03,2024-10-09 03:13:00,cancelled
1160,243,14,1,397.49,2024-03-08 05:42:00,refunded
1161,10,12,2,499.67,2024-02-02 05:18:00,completed
1162,184,160,9,437.01,2024-10-18 11:17:00,cancelled
1163,670,28,3,306.92,2024-04-09 21:10:00,cancelled
1164,969,30,7,257.24,2024-10-25 18:01:00,cancelled
1165,888,72,1,282.46,2024-04-06 04:21:00,pending
1166,7,155,7,317.48,2024-04-19 13:06:00,refunded
1167,27,185,3,482.17,2024-06-08 08:14:00,cancelled
1168,434,135,1,137.47,2024-09-24 21:00:00,completed
1169,551,155,2,144.92,2024-06-25 02:57:00,refunded
1170,767,36,2,93.05,2024-06-13 16:37:00,refunded
1171,415,30,10,267.4,2024-06-18 21:47:00,refunded
1172,810,176,10,389.35,2024-04-03 14:30:00,cancelled
1173,356,98,1,432.04,2024-09-21 07:48:00,cancelled
1174,668,143,7,306.0,2024-05-29 01:53:00,cancelled
1175,167,90,9,343.65,2024-05-27 22:26:00,completed
1176,194,6,9,316.82,2024-08-02 11:03:00,completed
1177,161,147,8,195.36,2024-05-26 13:52:00,refunded
1178,52,131,1,230.82,2024-12-01 23:15:00,completed
1179,311,155,10,304.09,2024-09-20 05:44:00,pending
1180,140,72,1,355.64,2024-09-28 05:14:00,completed
1181,854,119,10,254.86,2024-03-27 13:26:00,cancelled
1182,23,160,1,186.6,2024-10-01 01:35:00,completed
1183,658,50,5,155.92,2024-07-12 12:12:00,pending
1184,296,158,3,261.2,2024-12-20 02:22:00,pending
1185,164,134,4,145.7,2024-03-22 20:31:00,pending
1186,152,165,3,429.9,2024-02-20 14:28:00,completed
1187,907,57,7,173.44,2024-07-30 14:18:00,pending
1188,286,172,7,199.04,2024-08-09 12:10:00,refunded
1189,477,99,4,348.34,2024-12-20 01:56:00,refunded
1190,923,66,5,422.9,2024-04-08 10:26:00,refunded
1191,845,101,6,80.6,2024-12-19 12:03:00,pending
1192,10,155,7,134.63,2024-10-16 08:17:00,cancelled
1193,268,3,5,341.93,2024-07-14 19:31:00,pending
1194,161,161,6,232.04,2024-10-05 18:23:00,completed
1195,535,108,1,220.07,2024-06-27 01:03:00,cancelled
1196,961,163,5,97.92,2024-05-10 15:39:00,refunded
1197,304,29,1,227.69,2024-07-30 04:26:00,completed
1198,514,4,8,233.74,2024-03-09 11:28:00,pending
1199,324,157,10,473.37,2024-09-27 19:31:00,pending
1200,50,110,5,29.0,2024-07-27 03:40:00,pending
1201,78,10,3,261.06,2024-07-11 20:35:00,completed
1202,206,57,6,364.95,2024-03-15 18:25:00,pending
1203,414,60,10,176.12,2024-10-14 19:55:00,cancelled
1204,495,134,3,229.76,2024-12-04 23:35:00,cancelled
1205,142,187,3,218.52,2024-02-09 18:57:00,completed
1206,303,40,1,403.57,2024-03-13 17:04:00,cancelled
1207,345,199,3,409.83,2024-01-02 16:28:00,completed
1208,21,196,2,52.11,2024-02-24 15:40:00,refunded
1209,575,38,4,435.73,2024-07-22 21:34:00,cancelled
1210,631,175,10,442.3,2024-03-19 03:22:00,pending
1211,243,54,6,158.49,2024-07-21 10:32:00,cancelled
1212,145,142,3,313.55,2024-10-07 12:35:00,completed
1213,740,162,1,202.83,2024-01-11 05:10:00,pending
1214,55,182,8,208.82,2024-08-05 07:17:00,pending
1215,867,43,7,481.18,2024-08-30 03:59:00,refunded
1216,23,47,5,222.65,2024-05-20 21:07:00,refunded
1217,541,62,4,123.12,2024-02-11 21:14:00,refunded
1218,325,96,6,455.52,2024-07-21 07:05:00,pending
1219,917,55,10,456.08,2024-12-11 15:28:00,completed
1220,760,118,4,290.98,2024-08-09 05:58:00,refunded
1221,706,82,3,245.17,2024-07-17 00:06:00,refunded
1222,564,84,6,307.58,2024-09-23 07:23:00,cancelled
1223,697,174,7,21.96,2024-08-31 17:17:00,completed
1224,844,128,2,231.83,2024-03-04 14:01:00,cancelled
1225,909,35,9,22.22,2024-10-02 15:03:00,pending
1226,454,120,4,20.33,2024-02-05 08:23:00,refunded
1227,331,178,8,210.68,2024-01-05 13:55:00,cancelled
1228,149,10,1,220.27,2024-07-03 17:58:00,cancelled
1229,67,86,2,365.18,2024-01-03 09:25:00,pending
1230,902,157,6,424.53,2024-10-16 10:53:00,completed
1231,584,34,8,389.6,2024-08-30 10:23:00,refunded
1232,232,194,8,352.9,2024-06-11 05:24:00,cancelled
1233,164,164,5,347.17,2024-12-22 13:27:00,cancelled
1234,393,82,5,84.02,2024-07-21 08:44:00,pending
1235,621,8,2,463.19,2024-02-04 10:55:00,pending
1236,305,167,7,372.55,2024-07-02 14:00:00,refunded
1237,284,17,7,419.11,2024-10-31 19:04:00,pending
1238,678,140,3,397.94,2024-11-12 01:53:00,completed
1239,385,162,2,408.32,2024-08-22 19:35:00,completed
1240,314,138,5,252.87,2024-05-23 11:40:00,refunded
1241,225,114,6,113.83,2024-02-09 14:17:00,completed
1242,102,39,10,442.86,2024-12-08 06:59:00,cancelled
1243,21,12,9,178.58,2024-09-24 17:45:00,pending
1244,129,105,5,21.82,2024-02-08 16:44:00,cancelled
1245,603,158,9,148.54,2024-01-16 08:45:00,cancelled
1246,119,103,5,32.48,2024-01-23 00:37:00,pending
1247,757,93,8,366.34,2024-06-18 12:49:00,completed
1248,904,198,2,290.44,2024-04-15 21:51:00,completed
1249,949,113,7,50.6,2024-11-17 18:19:00,cancelled
1250,138,128,10,330.37,2024-05-14 22:21:00,refunded
1251,28,104,4,368.29,2024-04-23 04:41:00,completed
1252,578,125,7,416.26,2024-03-21 02:31:00,refunded
1253,502,187,2,374.5,2024-12-04 16:16:00,completed
1254,447,198,8,446.23,2024-02-15 10:05:00,cancelled
1255,669,120,6,211.21,2024-11-29 12:26:00,completed
1256,350,140,7,290.05,2024-02-18 15:53:00,pending
1257,941,130,9,172.55,2024-07-04 18:27:00,pending
1258,533,121,3,498.1,2024-04-06 02:42:00,completed
1259,220,32,7,312.39,2024-04-15 13:47:00,completed
1260,646,49,9,358.2,2024-05-20 06:44:00,refunded
1261,368,3,2,31.11,2024-12-02 18:57:00,completed
1262,505,132,5,97.52,2024-07-21 23:11:00,cancelled
1263,117,161,2,361.8,2024-02-24 20:38:00,cancelled
1264,660,66,6,427.66,2024-09-09 12:16:00,completed
1265,719,129,6,147.29,2024-01-27 06:38:00,cancelled
1266,939,54,1,33.67,2024-04-28 04:29:00,pending
1267,988,155,2,303.09,2024-12-20 04:28:00,cancelled
1268,909,128,5,170.86,2024-12-22 20:23:00,completed
1269,482,34,6,400.64,2024-02-03 09:46:00,completed
1270,912,1,8,69.61,2024-03-16 03:54:00,completed
1271,534,11,1,254.96,2024-05-10 10:18:00,cancelled
1272,782,101,1,113.16,2024-08-13 16:04:00,refunded
1273,434,181,5,123.67,2024-08-05 16:37:00,refunded
1274,140,109,1,308.62,2024-07-24 21:22:00,cancelled
1275,14,55,2,301.01,2024-06-28 04:02:00,cancelled
1276,534,34,8,238.73,2024-10-02 12:11:00,pending
1277,759,159,4,422.83,2024-01-19 14:24:00,pending
1278,610,86,4,160.25,2024-08-09 18:50:00,refunded
1279,177,110,8,414.68,2024-05-17 04:59:00,completed
1280,469,131,6,113.53,2024-02-07 14:01:00,cancelled
1281,593,145,10,215.7,2024-01-06 21:03:00,refunded
1282,591,139,2,478.34,2024-02-18 17:50:00,cancelled
1283,507,97,2,108.48,2024-09-28 18:58:00,pending
1284,631,91,3,245.85,2024-05-20 14:45:00,pending
1285,197,113,9,122.77,2024-06-25 14:58:00,pending
1286,257,80,7,53.46,2024-10-14 12:10:00,cancelled
1287,570,129,2,407.66,2024-02-02 16:55:00,pending
1288,219,198,4,125.86,2024-12-01 00:33:00,cancelled
1289,179,151,2,262.09,2024-02-25 20:26:00,completed
1290,584,195,9,407.16,2024-05-02 12:02:00,completed
1291,259,200,9,328.87,2024-03-28 00:36:00,pending
1292,533,63,4,256.63,2024-07-28 04:57:00,cancelled
1293,17,103,10,443.19,2024-10-08 13:35:00,completed
1294,505,120,6,172.14,2024-12-09 22:27:00,cancelled
1295,272,164,6,225.03,2024-01-26 08:52:00,refunded
1296,145,5,8,404.85,2024-05-20 00:46:00,cancelled
1297,412,111,1,411.42,2024-11-04 21:38:00,completed
1298,515,192,2,186.89,2024-10-27 15:22:00,pending
1299,640,17,7,336.56,2024-08-18 01:27:00,pending
1300,10,146,1,214.78,2024-02-29 17:23:00,cancelled
1301,123,180,2,139.89,2024-02-19 12:32:00,pending
1302,459,192,7,464.1,2024-09-13 20:52:00,completed
1303,361,127,2,346.25,2024-08-02 05:03:00,pending
1304,63,92,10,462.18,2024-06-06 06:40:00,pending
1305,98,3,10,396.16,2024-08-19 16:32:00,completed
1306,478,1,6,304.23,2024-02-16 21:51:00,cancelled
1307,490,56,10,372.34,2024-06-11 16:06:00,refunded
1308,357,135,5,86.0,2024-05-31 02:01:00,pending
1309,285,20,3,165.92,2024-10-02 22:35:00,refunded
1310,463,185,6,68.06,2024-04-05 12:48:00,cancelled
1311,867,77,4,240.99,2024-06-13 04:47:00,pending
1312,357,166,6,386.96,2024-07-04 14:22:00,cancelled
1313,34,15,3,309.75,2024-12-02 23:27:00,pending
1314,226,66,6,477.76,2024-11-01 01:28:00,cancelled
1315,661,53,4,77.14,2024-10-08 21:10:00,refunded
1316,78,143,8,272.36,2024-04-11 18:47:00,pending
1317,429,139,1,361.31,2024-05-15 09:45:00,completed
1318,906,1,10,435.44,2024-09-28 21:03:00,pending
1319,648,23,5,179.8,2024-11-20 22:16:00,completed
1320,825,91,3,287.25,2024-09-28 15:13:00,cancelled
1321,711,53,1,102.09,2024-05-19 00:20:00,completed
1322,865,18,7,378.4,2024-08-21 02:29:00,completed
1323,771,91,6,124.58,2024-11-11 22:33:00,refunded
1324,528,2,10,468.97,2024-06-23 14:21:00,completed
1325,126,3,10,168.94,2024-04-14 18:56:00,refunded
1326,367,193,10,300.72,2024-05-13 12:12:00,completed
1327,469,93,6,333.41,2024-05-26 06:04:00,refunded
1328,196,178,5,170.29,2024-07-07 05:00:00,cancelled
1329,438,137,5,314.67,2024-10-07 20:11:00,cancelled
1330,439,54,1,465.53,2024-07-05 16:03:00,cancelled
1331,319,95,9,176.38,2024-11-24 04:56:00,completed
1332,744,172,1,121.34,2024-10-29 17:08:00,refunded
1333,15,49,10,243.12,2024-06-18 02:49:00,pending
1334,686,78,10,396.94,2024-08-02 23:55:00,pending
1335,624,177,6,328.57,2024-03-26 17:05:00,pending
1336,756,139,9,343.3,2024-07-20 14:46:00,cancelled
1337,428,83,10,330.69,2024-11-29 05:47:00,pending
1338,574,168,3,290.18,2024-12-09 14:39:00,cancelled
1339,7,143,9,46.36,2024-07-11 12:49:00,completed
1340,119,76,3,310.47,2024-05-20 02:52:00,pending
1341,180,48,2,181.47,2024-01-03 01:04:00,refunded
1342,27,85,6,77.25,2024-03-09 16:14:00,completed
1343,20,85,5,51.72,2024-12-28 08:17:00,refunded
1344,216,102,10,142.51,2024-11-12 05:03:00,cancelled
1345,580,18,7,449.52,2024-12-04 15:40:00,cancelled
1346,22,71,4,57.73,2024-04-29 02:01:00,refunded
1347,985,17,1,285.14,2024-09-17 06:44:00,cancelled
1348,885,189,9,372.11,2024-09-05 00:47:00,completed
1349,543,114,4,464.01,2024-09-29 19:55:00,refunded
1350,667,134,10,410.84,2024-01-04 10:57:00,pending
1351,961,78,8,100.49,2024-04-16 15:31:00,cancelled
1352,125,56,8,294.11,2024-11-15 18:45:00,pending
1353,719,116,3,28.32,2024-09-30 10:04:00,refunded
1354,610,100,6,447.58,2024-11-08 12:22:00,pending
1355,472,8,2,397.04,2024-03-19 17:18:00,completed
1356,747,26,9,235.82,2024-06-07 10:18:00,refunded
1357,59,199,9,116.18,2024-02-01 12:17:00,completed
1358,688,134,4,112.37,2024-12-23 19:31:00,cancelled
1359,315,191,4,80.83,2024-08-27 13:34:00,pending
1360,454,51,9,200.49,2024-11-07 15:37:00,cancelled
1361,416,48,10,352.15,2024-10-19 01:13:00,cancelled
1362,347,200,6,224.31,2024-03-16 23:14:00,pending
1363,985,92,4,302.64,2024-12-25 16:19:00,completed
1364,638,123,5,388.1,2024-10-13 03:37:00,cancelled
1365,341,174,10,349.09,2024-06-15 00:01:00,cancelled
1366,304,147,2,365.34,2024-01-05 03:49:00,refunded
1367,896,131,1,264.35,2024-07-06 22:41:00,completed
1368,976,31,3,331.77,2024-10-18 23:44:00,cancelled
1369,296,180,7,116.15,2024-07-17 19:51:00,cancelled
1370,917,99,4,246.7,2024-04-16 21:22:00,completed
1371,39,153,10,22.05,2024-05-17 02:37:00,pending
1372,573,91,9,298.2,2024-09-16 18:13:00,cancelled
1373,554,179,7,257.68,2024-03-30 01:56:00,cancelled
1374,570,171,5,126.19,2024-11-03 17:58:00,refunded
1375,513,194,10,72.23,2024-10-22 19:15:00,cancelled
1376,344,60,4,497.76,2024-08-06 10:37:00,pending
1377,905,166,6,380.72,2024-06-16 10:10:00,completed
1378,12,94,5,320.42,2024-04-29 12:26:00,completed
1379,202,39,5,416.81,2024-03-29 13:45:00,cancelled
1380,822,67,10,318.67,2024-05-12 06:28:00,completed
1381,503,173,10,257.86,2024-12-24 14:54:00,refunded
1382,167,186,8,257.89,2024-02-07 10:29:00,pending
1383,70,105,1,65.84,2024-12-21 17:37:00,cancelled
1384,939,195,8,291.37,2024-10-18 07:31:00,pending
1385,818,152,6,402.64,2024-12-22 01:12:00,cancelled
1386,588,49,6,221.33,2024-09-27 15:08:00,pending
1387,210,194,5,168.69,2024-07-19 04:47:00,pending
1388,28,176,6,47.53,2024-03-04 14:32:00,cancelled
1389,315,110,4,93.57,2024-09-23 05:38:00,cancelled
1390,884,14,9,214.62,2024-04-15 21:47:00,cancelled
1391,95,67,9,140.03,2024-02-08 08:19:00,pending
1392,569,195,3,65.81,2024-10-13 14:55:00,cancelled
1393,807,184,3,400.73,2024-12-21 23:38:00,refunded
1394,18,48,4,464.03,2024-06-08 14:24:00,refunded
1395,533,84,5,134.79,2024-11-03 21:58:00,refunded
1396,669,147,1,63.35,2024-05-02 04:21:00,completed
1397,306,149,10,463.28,2024-08-28 05:24:00,pending
1398,571,6,2,271.04,2024-01-26 09:57:00,refunded
1399,136,67,8,41.74,2024-05-25 19:53:00,completed
1400,601,190,1,149.38,2024-01-16 19:08:00,completed
1401,789,175,9,465.55,2024-06-29 21:09:00,pending
1402,418,173,10,275.17,2024-11-28 04:33:00,cancelled
1403,18,182,6,87.45,2024-01-21 07:37:00,pending
1404,731,2,8,182.45,2024-01-18 18:35:00,pending
1405,729,18,5,205.01,2024-10-10 00:09:00,pending
1406,292,158,4,221.89,2024-06-24 20:15:00,cancelled
1407,430,62,9,108.83,2024-07-07 04:15:00,refunded
1408,161,147,3,279.48,2024-06-06 17:52:00,pending
1409,58,81,7,468.85,2024-05-25 14:59:00,cancelled
1410,832,187,8,383.98,2024-12-09 03:09:00,refunded
1411,801,144,9,162.8,2024-05-13 09:37:00,refunded
1412,564,148,3,423.12,2024-09-04 15:34:00,refunded
1413,512,131,9,91.42,2024-09-11 20:50:00,cancelled
1414,238,21,3,401.55,2024-03-31 13:32:00,completed
1415,873,181,8,236.94,2024-07-02 13:20:00,refunded
1416,564,191,6,474.17,2024-07-05 23:52:00,refunded
1417,313,131,10,83.69,2024-01-08 11:44:00,refunded
1418,226,187,9,326.54,2024-03-09 16:17:00,pending
1419,143,75,8,159.17,2024-05-01 00:19:00,completed
1420,172,61,7,481.84,2024-05-31 07:41:00,pending
1421,103,184,9,201.41,2024-06-03 04:17:00,completed
1422,376,48,1,259.53,2024-08-02 08:48:00,refunded
1423,783,72,8,411.38,2024-07-03 05:10:00,pending
1424,401,79,10,275.67,2024-01-21 07:39:00,completed
1425,237,93,9,233.81,2024-05-27 17:02:00,completed
1426,809,128,2,142.36,2024-06-29 07:50:00,refunded
1427,999,183,1,159.64,2024-05-06 03:41:00,pending
1428,304,80,6,59.2,2024-10-01 11:18:00,cancelled
1429,916,60,2,215.4,2024-05-04 15:34:00,cancelled
1430,204,80,4,31.22,2024-04-04 20:27:00,pending
1431,620,167,2,356.86,2024-11-23 05:20:00,completed
1432,903,47,5,476.76,2024-11-28 18:19:00,refunded
1433,730,81,7,408.87,2024-06-24 17:57:00,refunded
1434,498,152,10,250.05,2024-12-07 06:34:00,completed
1435,431,91,3,458.85,2024-11-16 20:21:00,refunded
1436,871,162,10,328.19,2024-04-05 02:18:00,refunded
1437,516,20,10,258.51,2024-11-05 11:29:00,completed
1438,147,41,4,143.17,2024-12-22 21:48:00,completed
1439,644,40,4,111.8,2024-11-15 10:30:00,completed
1440,359,143,9,495.41,2024-07-20 15:25:00,cancelled
1441,132,104,7,376.18,2024-01-13 05:49:00,completed
1442,843,195,4,191.83,2024-05-25 09:03:00,pending
1443,250,150,5,34.57,2024-02-09 03:57:00,pending
1444,520,86,6,38.68,2024-05-27 06:11:00,refunded
1445,98,37,9,389.43,2024-01-25 10:46:00,refunded
1446,352,150,8,399.81,2024-05-18 16:32:00,refunded
1447,785,196,3,148.06,2024-01-03 07:57:00,refunded
1448,289,183,4,124.51,2024-09-01 05:06:00,refunded
1449,485,57,7,181.28,2024-09-08 17:33:00,pending
1450,315,189,4,225.55,2024-08-12 17:19:00,refunded
1451,937,186,7,20.93,2024-06-01 02:47:00,completed
1452,215,162,3,444.87,2024-06-28 23:03:00,cancelled
1453,721,129,9,181.91,2024-07-06 12:35:00,cancelled
1454,176,42,6,396.75,2024-03-11 17:58:00,pending
1455,809,27,9,393.06,2024-07-19 23:03:00,refunded
1456,661,13,5,146.53,2024-08-31 08:34:00,completed
1457,622,112,10,347.68,2024-06-18 05:36:00,completed
1458,614,40,9,103.39,2024-09-18 12:29:00,pending
1459,365,138,2,121.75,2024-07-06 10:18:00,cancelled
1460,982,98,2,229.89,2024-03-13 05:44:00,cancelled
1461,334,142,5,219.96,2024-10-04 07:54:00,cancelled
1462,827,89,6,387.98,2024-10-17 05:19:00,cancelled
1463,459,35,8,304.38,2024-09-06 23:11:00,pending
1464,363,26,6,112.41,2024-11-22 20:43:00,refunded
1465,321,175,9,162.89,2024-01-11 22:34:00,refunded
1466,244,11,8,84.27,2024-02-16 14:10:00,refunded
1467,808,11,4,344.71,2024-09-10 11:42:00,pending
1468,863,181,9,298.11,2024-06-27 04:23:00,cancelled
1469,542,118,7,337.79,2024-09-16 18:14:00,completed
1470,235,58,9,95.57,2024-10-29 09:11:00,refunded
1471,372,87,9,69.78,2024-06-24 18:24:00,cancelled
1472,32,153,1,178.44,2024-04-03 07:28:00,completed
1473,447,9,6,295.56,2024-05-30 03:57:00,cancelled
1474,933,20,1,297.71,2024-12-18 02:43:00,refunded
1475,353,52,8,295.31,2024-02-23 05:06:00,completed
1476,712,47,5,210.27,2024-05-06 18:20:00,cancelled
1477,953,188,6,377.15,2024-02-29 03:25:00,pending
1478,259,164,2,236.76,2024-08-30 06:28:00,completed
1479,74,91,2,36.89,2024-05-13 21:52:00,pending
1480,194,119,6,264.09,2024-11-05 15:27:00,completed
1481,812,6,3,192.04,2024-03-31 20:41:00,pending
1482,589,166,5,148.58,2024-03-28 01:11:00,cancelled
1483,835,196,8,373.01,2024-02-18 10:17:00,refunded
1484,31,78,2,74.12,2024-06-05 04:15:00,completed
1485,920,74,9,265.23,2024-09-29 19:38:00,cancelled
1486,483,22,8,227.43,2024-04-29 20:17:00,pending
1487,656,67,2,309.79,2024-12-15 14:21:00,pending
1488,858,131,1,337.32,2024-10-03 08:52:00,completed
1489,281,37,1,322.72,2024-04-15 14:17:00,completed
1490,893,39,1,26.91,2024-01-02 04:41:00,cancelled
1491,258,72,4,345.75,2024-09-06 20:49:00,refunded
1492,255,194,1,140.3,2024-10-05 00:24:00,completed
1493,131,54,1,357.47,2024-11-21 04:47:00,completed
1494,585,5,4,198.11,2024-01-11 19:50:00,refunded
1495,497,47,6,167.48,2024-03-13 05:28:00,cancelled
1496,583,87,3,86.68,2024-06-21 03:23:00,refunded
1497,136,158,8,224.13,2024-10-11 19:21:00,refunded
1498,707,84,6,122.75,2024-11-27 11:09:00,pending
1499,791,130,2,384.35,2024-04-21 01:16:00,pending
1500,3,134,8,165.2,2024-06-29 21:41:00,cancelled
1501,191,143,3,278.46,2024-02-25 22:16:00,cancelled
1502,916,94,9,369.78,2024-03-23 09:25:00,cancelled
1503,772,84,7,419.24,2024-10-19 13:13:00,completed
1504,995,114,4,301.75,2024-09-02 03:02:00,refunded
1505,141,54,3,374.31,2024-10-23 18:57:00,completed
1506,959,153,5,152.1,2024-11-08 12:17:00,refunded
1507,191,57,10,40.09,2024-02-16 05:16:00,cancelled
1508,127,156,5,293.85,2024-10-27 11:24:00,pending
1509,791,126,9,162.44,2024-10-02 17:43:00,cancelled
1510,148,69,8,327.11,2024-02-07 19:56:00,refunded
1511,241,44,9,229.07,2024-02-02 03:06:00,refunded
1512,695,164,4,217.28,2024-03-12 18:04:00,pending
1513,763,103,7,360.74,2024-10-29 14:52:00,cancelled
1514,464,2,1,256.65,2024-05-16 04:27:00,completed
1515,915,140,1,342.76,2024-11-11 08:07:00,pending
1516,673,92,3,179.71,2024-02-06 02:28:00,completed
1517,9,91,10,349.23,2024-12-17 04:13:00,completed
1518,674,12,9,66.71,2024-05-09 20:27:00,cancelled
1519,236,35,5,476.99,2024-07-19 00:14:00,pending
1520,160,170,6,294.12,2024-09-23 00:36:00,cancelled
1521,650,101,6,76.56,2024-01-15 03:15:00,refunded
1522,835,41,9,380.14,2024-02-21 15:06:00,cancelled
1523,667,195,3,439.42,2024-09-24 15:05:00,pending
1524,711,96,9,343.05,2024-09-28 01:14:00,refunded
1525,142,151,2,415.61,2024-07-31 06:51:00,pending
1526,538,157,5,229.6,2024-02-08 07:45:00,cancelled
1527,514,29,7,193.1,2024-05-15 14:38:00,cancelled
1528,998,69,2,352.81,2024-03-19 03:49:00,refunded
1529,547,195,8,246.23,2024-10-19 01:14:00,completed
1530,623,174,3,126.99,2024-12-27 04:47:00,pending
1531,743,196,8,378.09,2024-09-21 21:31:00,cancelled
1532,486,61,1,34.04,2024-11-19 03:30:00,refunded
1533,815,198,2,94.24,2024-02-11 16:20:00,refunded
1534,61,82,9,333.99,2024-07-18 01:24:00,completed
1535,695,56,10,249.77,2024-08-29 03:17:00,cancelled
1536,186,147,2,173.66,2024-09-29 20:55:00,cancelled
1537,692,93,4,256.74,2024-11-15 23:33:00,completed
1538,755,153,9,84.03,2024-02-04 11:58:00,completed
1539,445,82,9,148.11,2024-12-26 07:11:00,completed
1540,32,105,8,480.0,2024-01-17 22:06:00,pending
1541,60,155,3,423.16,2024-01-16 22:30:00,completed
1542,651,32,2,290.73,2024-12-13 07:49:00,completed
1543,361,120,8,111.99,2024-12-11 11:56:00,cancelled
1544,143,42,3,198.09,2024-07-01 16:12:00,pending
1545,63,4,9,361.09,2024-02-09 00:27:00,cancelled
1546,434,121,4,259.12,2024-03-17 02:10:00,completed
1547,867,16,7,243.29,2024-09-19 16:38:00,pending
1548,780,64,1,435.75,2024-12-06 03:26:00,cancelled
1549,118,112,7,285.94,2024-10-29 09:02:00,cancelled
1550,32,180,10,81.25,2024-05-08 18:24:00,pending
1551,773,125,7,57.23,2024-05-03 23:26:00,completed
1552,857,159,7,138.97,2024-06-19 23:01:00,refunded
1553,537,143,9,485.24,2024-10-03 22:53:00,refunded
1554,295,129,9,233.02,2024-09-13 05:39:00,refunded
1555,112,154,5,131.12,2024-01-04 06:06:00,pending
1556,900,53,5,366.88,2024-02-29 17:26:00,pending
1557,25,122,9,118.01,2024-01-05 19:03:00,cancelled
1558,829,50,8,446.48,2024-10-24 20:07:00,pending
1559,823,100,10,330.82,2024-07-25 12:58:00,pending
1560,396,57,5,382.36,2024-07-16 13:21:00,completed
1561,780,13,10,494.07,2024-11-24 01:53:00,refunded
1562,598,25,4,38.17,2024-10-12 11:25:00,cancelled
1563,932,89,2,41.95,2024-03-13 08:20:00,cancelled
1564,675,167,8,70.35,2024-06-21 10:12:00,pending
1565,708,47,4,180.37,2024-09-21 02:43:00,pending
1566,508,121,4,442.03,2024-01-27 19:02:00,pending
1567,486,124,3,163.54,2024-05-16 04:36:00,completed
1568,704,52,3,22.04,2024-09-16 11:25:00,completed
1569,659,120,1,326.43,2024-06-10 17:23:00,completed
1570,474,73,7,480.69,2024-02-18 07:56:00,pending
1571,346,184,3,141.29,2024-08-30 19:31:00,cancelled
1572,193,139,5,190.23,2024-03-23 15:20:00,completed
1573,916,24,9,124.58,2024-05-09 11:33:00,pending
1574,143,32,1,142.0,2024-02-11 09:14:00,pending
1575,249,137,8,233.04,2024-01-04 04:12:00,pending
1576,563,78,3,196.52,2024-05-26 11:38:00,refunded
1577,403,71,8,446.23,2024-10-30 18:56:00,completed
1578,197,140,5,116.74,2024-03-20 15:17:00,refunded
1579,681,127,4,341.61,2024-07-24 21:54:00,completed
1580,656,137,6,74.07,2024-08-04 05:42:00,completed
1581,496,149,9,155.83,2024-02-23 13:51:00,pending
1582,482,5,6,474.53,2024-12-22 15:34:00,completed
1583,211,92,7,107.94,2024-06-11 11:21:00,pending
1584,947,39,10,309.95,2024-08-16 13:00:00,pending
1585,413,148,4,223.69,2024-06-17 16:30:00,cancelled
1586,749,26,3,476.75,2024-10-10 19:07:00,pending
1587,303,139,9,377.28,2024-08-19 12:13:00,refunded
1588,149,73,8,319.8,2024-11-06 00:09:00,pending
1589,120,75,5,499.6,2024-11-05 12:17:00,completed
1590,453,13,4,421.39,2024-01-18 16:08:00,refunded
1591,560,146,5,358.32,2024-02-18 16:17:00,refunded
1592,343,6,3,208.33,2024-10-20 11:41:00,pending
1593,730,16,1,389.02,2024-09-30 20:02:00,pending
1594,895,43,6,287.57,2024-07-25 08:53:00,cancelled
1595,876,88,1,91.3,2024-06-20 19:52:00,completed
1596,677,83,3,264.96,2024-10-26 13:14:00,completed
1597,483,133,5,403.6,2024-02-17 17:33:00,completed
1598,165,117,1,290.25,2024-09-07 20:07:00,cancelled
1599,880,131,10,278.79,2024-11-16 16:58:00,refunded
1600,174,40,1,160.22,2024-08-30 19:33:00,cancelled
1601,528,83,6,248.13,2024-09-18 20:11:00,completed
1602,737,119,1,431.5,2024-04-07 11:07:00,cancelled
1603,681,51,9,480.82,2024-10-28 13:46:00,pending
1604,964,29,4,55.33,2024-01-11 18:23:00,pending
1605,20,55,5,118.13,2024-09-16 12:57:00,cancelled
1606,833,6,6,461.82,2024-02-01 10:55:00,pending
1607,741,46,1,53.63,2024-12-11 00:21:00,completed
1608,274,41,4,486.57,2024-06-30 16:06:00,pending
1609,722,8,8,184.77,2024-06-02 21:29:00,completed
1610,713,60,4,60.98,2024-10-23 20:43:00,pending
1611,229,116,6,251.12,2024-02-23 04:11:00,cancelled
1612,406,195,1,333.83,2024-07-08 03:21:00,pending
1613,617,63,10,36.0,2024-09-01 10:13:00,refunded
1614,92,162,3,483.56,2024-09-19 01:57:00,completed
1615,450,89,7,328.25,2024-10-26 03:23:00,completed
1616,990,78,10,99.47,2024-10-03 22:32:00,refunded
1617,760,11,3,496.39,2024-05-18 18:03:00,refunded
1618,302,94,6,28.64,2024-03-08 16:37:00,pending
1619,979,164,3,260.14,2024-02-18 23:03:00,completed
1620,853,60,7,416.12,2024-05-11 03:46:00,cancelled
1621,192,52,2,398.73,2024-02-25 01:38:00,completed
1622,756,176,8,410.55,2024-08-26 19:42:00,pending
1623,218,175,6,67.08,2024-12-07 05:37:00,refunded
1624,568,65,2,91.26,2024-04-11 21:25:00,cancelled
1625,931,200,6,388.01,2024-03-22 10:35:00,completed
1626,55,1,5,456.81,2024-06-02 01:45:00,pending
1627,777,25,2,80.0,2024-05-29 00:47:00,pending
1628,976,107,9,385.68,2024-10-24 06:53:00,pending
1629,665,72,9,373.3,2024-05-07 14:13:00,refunded
1630,549,176,3,86.58,2024-03-30 12:02:00,pending
1631,447,118,3,39.43,2024-10-11 23:00:00,refunded
1632,618,140,9,219.22,2024-09-17 05:34:00,cancelled
1633,905,188,8,447.29,2024-08-14 05:49:00,cancelled
1634,91,93,1,286.79,2024-04-13 17:35:00,pending
1635,596,171,1,427.89,2024-07-07 12:49:00,cancelled
1636,85,16,3,105.32,2024-12-14 22:59:00,cancelled
1637,536,182,2,463.2,2024-06-17 12:26:00,completed
1638,55,107,4,408.96,2024-07-07 09:43:00,refunded
1639,588,9,7,357.12,2024-09-28 13:47:00,pending
1640,901,160,2,354.17,2024-03-11 01:08:00,cancelled
1641,552,185,4,195.36,2024-12-21 21:24:00,pending
1642,107,59,10,337.19,2024-04-21 12:48:00,completed
1643,932,51,10,221.42,2024-11-06 10:33:00,cancelled
1644,486,128,10,421.43,2024-01-21 00:00:00,refunded
1645,307,18,3,322.68,2024-11-24 08:35:00,refunded
1646,327,159,4,327.62,2024-12-04 19:53:00,pending
1647,338,138,3,222.54,2024-02-16 13:35:00,pending
1648,719,98,4,123.44,2024-07-01 17:42:00,completed
1649,135,91,10,168.59,2024-12-24 09:04:00,completed
1650,732,130,9,476.71,2024-07-31 11:56:00,completed
1651,461,82,8,428.63,2024-11-29 03:05:00,pending
1652,791,19,5,498.62,2024-08-09 21:12:00,completed
1653,328,6,5,22.94,2024-11-14 23:39:00,cancelled
1654,654,34,6,376.33,2024-04-13 03:36:00,completed
1655,204,182,2,484.45,2024-08-25 07:59:00,cancelled
1656,508,179,3,407.9,2024-04-25 01:55:00,cancelled
1657,881,191,3,194.43,2024-12-03 22:42:00,cancelled
1658,10,18,8,221.19,2024-09-16 12:32:00,pending
1659,911,188,7,221.06,2024-11-12 07:39:00,refunded
1660,25,74,1,182.29,2024-09-04 15:28:00,refunded
1661,258,103,8,115.61,2024-12-20 01:19:00,cancelled
1662,952,83,9,85.21,2024-04-05 11:45:00,refunded
1663,114,67,7,61.21,2024-11-30 03:36:00,completed
1664,939,138,7,67.35,2024-10-28 10:11:00,completed
1665,35,27,1,351.68,2024-10-26 01:15:00,completed
1666,178,145,8,346.03,2024-01-14 13:55:00,pending
1667,753,197,7,483.7,2024-11-06 11:26:00,refunded
1668,206,171,5,419.23,2024-11-09 09:44:00,pending
1669,225,53,5,140.24,2024-07-07 19:31:00,refunded
1670,867,45,3,270.96,2024-06-05 20:59:00,refunded
1671,396,43,1,336.45,2024-02-28 09:20:00,cancelled
1672,792,6,8,42.71,2024-02-24 16:31:00,cancelled
1673,164,101,1,498.39,2024-04-21 12:23:00,completed
1674,575,18,8,437.39,2024-02-24 11:55:00,refunded
1675,388,91,8,307.82,2024-09-19 11:51:00,refunded
1676,294,44,2,43.99,2024-05-25 07:18:00,cancelled
1677,961,176,4,45.67,2024-06-21 18:11:00,completed
1678,81,82,6,242.91,2024-01-07 04:57:00,cancelled
1679,71,8,10,132.69,2024-12-31 03:15:00,completed
1680,402,21,10,297.32,2024-05-30 17:09:00,completed
1681,903,154,3,469.12,2024-01-29 05:17:00,refunded
1682,619,21,4,316.97,2024-08-03 06:12:00,completed
1683,129,113,4,465.46,2024-09-13 07:11:00,completed
1684,503,124,2,105.24,2024-09-19 01:11:00,pending
1685,483,155,3,272.71,2024-10-09 20:29:00,completed
1686,668,131,9,78.01,2024-12-15 06:20:00,cancelled
1687,51,183,10,479.36,2024-04-28 20:38:00,completed
1688,250,114,10,23.05,2024-05-11 03:06:00,completed
1689,969,145,9,76.4,2024-08-14 07:48:00,refunded
1690,566,81,6,494.61,2024-08-13 02:29:00,pending
1691,609,6,2,466.19,2024-10-05 09:23:00,refunded
1692,239,77,2,114.04,2024-09-23 15:54:00,pending
1693,695,120,9,349.24,2024-06-24 17:24:00,refunded
1694,739,164,7,272.49,2024-11-28 05:54:00,cancelled
1695,73,180,1,440.54,2024-10-11 10:30:00,completed
1696,687,9,6,239.71,2024-05-18 06:13:00,pending
1697,230,3,5,357.73,2024-02-18 03:26:00,refunded
1698,974,103,3,72.31,2024-05-23 14:34:00,pending
1699,714,47,4,133.27,2024-10-30 12:04:00,pending
1700,677,36,2,443.01,2024-01-30 10:12:00,pending
1701,930,83,2,98.2,2024-08-06 00:53:00,pending
1702,992,12,3,234.87,2024-09-07 09:45:00,cancelled
1703,438,20,7,63.44,2024-04-07 07:36:00,pending
1704,672,116,3,237.48,2024-10-04 18:47:00,pending
1705,265,127,6,64.55,2024-10-16 17:47:00,pending
1706,596,86,8,190.37,2024-01-20 19:00:00,pending
1707,22,157,5,211.9,2024-08-27 11:03:00,pending
1708,825,20,9,72.47,2024-06-02 07:46:00,completed
1709,250,120,10,496.99,2024-04-24 03:23:00,refunded
1710,443,176,5,354.02,2024-10-17 18:39:00,completed
1711,730,73,7,128.09,2024-10-08 20:32:00,completed
1712,336,140,7,31.57,2024-08-31 00:17:00,pending
1713,462,166,8,209.66,2024-07-26 04:57:00,refunded
1714,78,152,5,444.66,2024-09-30 02:21:00,pending
1715,434,10,7,452.92,2024-11-04 07:13:00,completed
1716,541,154,6,76.24,2024-07-12 16:32:00,pending
1717,532,46,6,159.57,2024-12-23 07:02:00,pending
1718,612,51,1,359.97,2024-02-28 21:06:00,cancelled
1719,502,145,6,270.97,2024-07-29 23:00:00,pending
1720,152,57,8,38.11,2024-07-30 08:05:00,pending
1721,605,105,6,117.62,2024-07-15 12:32:00,refunded
1722,667,5,2,495.82,2024-02-11 21:46:00,cancelled
1723,227,180,10,470.74,2024-05-06 10:46:00,pending
1724,74,79,5,364.96,2024-09-07 21:27:00,refunded
1725,616,165,4,393.0,2024-05-02 02:07:00,pending
1726,31,72,5,199.3,2024-10-17 14:50:00,pending
1727,78,125,3,325.6,2024-10-28 05:46:00,pending
1728,40,5,6,461.42,2024-03-02 16:15:00,pending
1729,936,119,5,449.64,2024-02-14 22:26:00,refunded
1730,86,186,9,338.94,2024-01-20 16:34:00,completed
1731,556,193,3,479.76,2024-08-26 09:23:00,completed
1732,358,162,6,228.25,2024-05-03 11:05:00,refunded
1733,984,5,1,123.1,2024-09-24 23:28:00,refunded
1734,362,108,9,379.23,2024-10-10 13:13:00,pending
1735,279,111,6,77.76,2024-09-22 10:34:00,cancelled
1736,12,14,2,120.14,2024-05-26 14:29:00,pending
1737,384,187,2,68.2,2024-12-29 04:48:00,refunded
1738,776,92,6,312.72,2024-12-13 12:28:00,pending
1739,497,127,5,102.69,2024-10-24 11:54:00,cancelled
1740,772,158,10,310.34,2024-01-23 06:20:00,pending
1741,266,98,5,120.65,2024-06-25 16:35:00,pending
1742,294,83,8,105.21,2024-11-13 01:41:00,refunded
1743,529,33,6,129.2,2024-06-21 06:12:00,pending
1744,498,121,1,163.89,2024-03-24 10:21:00,cancelled
1745,892,53,5,256.27,2024-09-10 11:38:00,refunded
1746,24,148,7,339.63,2024-09-02 21:19:00,pending
1747,902,143,6,37.28,2024-10-06 21:52:00,completed
1748,226,64,4,398.33,2024-10-05 15:52:00,refunded
1749,918,19,5,43.71,2024-07-19 19:28:00,cancelled
1750,569,188,3,34.5,2024-01-23 09:11:00,pending
1751,88,25,6,387.61,2024-04-01 01:10:00,pending
1752,712,41,5,230.04,2024-06-04 08:50:00,refunded
1753,919,188,3,193.24,2024-06-20 21:33:00,refunded
1754,509,84,3,200.26,2024-11-09 01:10:00,cancelled
1755,100,152,9,214.15,2024-04-22 22:31:00,refunded
1756,496,129,9,204.6,2024-01-18 22:57:00,completed
1757,836,41,1,354.5,2024-03-07 08:01:00,cancelled
1758,275,36,4,226.58,2024-03-15 08:41:00,pending
1759,496,22,3,272.58,2024-02-27 16:30:00,refunded
1760,298,132,7,49.54,2024-10-20 17:30:00,cancelled
1761,616,181,1,50.31,2024-09-15 10:37:00,pending
1762,904,154,3,297.82,2024-03-18 16:44:00,pending
1763,931,138,10,429.44,2024-12-17 12:35:00,cancelled
1764,23,115,8,311.06,2024-08-10 15:49:00,refunded
1765,816,3,5,464.05,2024-12-16 03:16:00,refunded
1766,856,29,9,256.11,2024-10-21 02:56:00,completed
1767,789,111,1,118.5,2024-08-08 18:25:00,pending
1768,486,40,6,276.42,2024-10-12 22:54:00,pending
1769,628,175,8,109.07,2024-01-08 02:23:00,cancelled
1770,187,75,10,42.77,2024-12-01 20:36:00,completed
1771,250,176,7,153.02,2024-10-11 17:20:00,cancelled
1772,146,66,9,25.13,2024-02-21 00:04:00,cancelled
1773,539,69,8,193.06,2024-11-21 03:34:00,refunded
1774,379,89,4,121.29,2024-05-18 21:09:00,cancelled
1775,208,19,4,374.39,2024-07-03 20:11:00,refunded
1776,241,102,6,324.21,2024-08-05 08:01:00,cancelled
1777,912,156,3,115.28,2024-06-10 02:31:00,cancelled
1778,496,106,1,192.05,2024-11-10 10:33:00,pending
1779,255,22,2,92.97,2024-10-15 04:04:00,refunded
1780,407,56,9,191.18,2024-11-08 03:40:00,refunded
1781,150,126,9,304.77,2024-08-30 11:37:00,pending
1782,204,4,10,90.95,2024-07-02 04:58:00,completed
1783,26,63,8,430.45,2024-02-25 09:58:00,cancelled
1784,710,67,7,117.85,2024-07-19 04:52:00,cancelled
1785,339,8,2,31.66,2024-01-27 19:31:00,refunded
1786,778,139,2,393.83,2024-06-24 20:48:00,completed
1787,456,172,1,476.25,2024-11-05 03:57:00,pending
1788,411,73,10,169.2,2024-08-15 15:26:00,completed
1789,155,156,8,338.73,2024-08-03 09:58:00,completed
1790,949,122,7,277.59,2024-12-18 01:03:00,refunded
1791,948,134,4,140.4,2024-08-15 04:01:00,cancelled
1792,817,83,1,181.51,2024-04-17 05:45:00,refunded
1793,705,58,3,279.81,2024-03-19 10:50:00,completed
1794,52,32,9,121.39,2024-10-02 22:23:00,pending
1795,720,82,7,478.88,2024-08-16 04:45:00,refunded
1796,867,183,7,386.12,2024-09-29 05:32:00,refunded
1797,474,12,6,23.51,2024-06-12 20:39:00,completed
1798,171,36,4,307.5,2024-09-05 03:09:00,refunded
1799,396,161,6,384.9,2024-02-28 10:30:00,completed
1800,937,117,9,337.03,2024-09-28 11:23:00,completed
1801,417,163,2,382.21,2024-01-27 20:19:00,pending
1802,839,75,9,319.64,2024-09-27 12:35:00,refunded
1803,933,62,10,110.07,2024-01-27 09:48:00,pending
1804,618,145,9,24.02,2024-11-11 17:29:00,cancelled
1805,249,63,6,445.15,2024-12-26 10:01:00,pending
1806,126,156,8,241.92,2024-11-07 09:08:00,completed
1807,902,183,10,440.52,2024-12-22 03:24:00,completed
1808,546,30,2,372.71,2024-12-20 18:58:00,cancelled
1809,735,145,8,305.92,2024-03-29 02:29:00,refunded
1810,375,26,3,262.55,2024-08-29 12:28:00,cancelled
1811,819,176,2,187.17,2024-11-04 14:31:00,pending
1812,513,190,5,464.58,2024-02-12 15:21:00,pending
1813,793,98,9,191.83,2024-11-04 07:02:00,refunded
1814,348,91,7,402.19,2024-12-12 00:24:00,pending
1815,178,72,9,358.21,2024-03-02 20:29:00,completed
1816,975,81,9,498.8,2024-09-11 17:41:00,refunded
1817,721,152,3,90.33,2024-11-08 08:19:00,cancelled
1818,667,72,4,452.83,2024-05-10 11:56:00,pending
1819,104,139,9,274.16,2024-02-14 21:55:00,cancelled
1820,963,7,6,416.32,2024-11-25 15:49:00,cancelled
1821,534,106,6,165.13,2024-01-19 07:03:00,pending
1822,446,35,2,280.19,2024-04-13 12:46:00,refunded
1823,146,15,6,407.82,2024-09-18 15:14:00,completed
1824,379,148,2,363.23,2024-05-05 19:04:00,refunded
1825,228,172,1,461.36,2024-02-24 10:35:00,pending
1826,616,81,10,86.98,2024-05-09 06:55:00,completed
1827,367,34,4,176.91,2024-12-29 01:07:00,pending
1828,951,189,5,214.14,2024-04-28 02:15:00,pending
1829,400,193,7,299.45,2024-05-23 17:30:00,cancelled
1830,219,127,7,285.93,2024-05-26 05:08:00,completed
1831,595,158,8,266.07,2024-09-09 08:49:00,refunded
1832,271,86,4,112.31,2024-10-25 19:52:00,refunded
1833,965,129,1,483.85,2024-04-20 10:09:00,pending
1834,696,163,9,94.32,2024-06-03 22:07:00,completed
1835,551,102,9,69.14,2024-05-28 07:37:00,cancelled
1836,504,16,1,33.97,2024-09-25 08:01:00,pending
1837,289,115,5,307.05,2024-02-29 00:19:00,cancelled
1838,191,41,9,229.96,2024-12-11 17:33:00,completed
1839,137,91,1,61.26,2024-01-06 14:19:00,pending
1840,261,16,9,101.51,2024-05-17 16:32:00,cancelled
1841,209,153,2,354.47,2024-01-29 03:39:00,cancelled
1842,747,49,3,283.25,2024-04-01 14:27:00,refunded
1843,300,49,8,348.85,2024-04-28 14:45:00,completed
1844,600,163,3,454.19,2024-11-18 16:25:00,completed
1845,59,171,8,467.23,2024-03-29 17:48:00,refunded
1846,605,183,5,476.26,2024-12-30 05:48:00,refunded
1847,853,57,7,196.34,2024-06-11 00:40:00,cancelled
1848,973,6,1,177.08,2024-11-08 20:39:00,pending
1849,883,38,1,307.04,2024-06-01 04:17:00,cancelled
1850,206,13,2,428.3,2024-12-14 02:19:00,pending
1851,818,107,2,186.26,2024-06-30 05:52:00,pending
1852,261,198,2,152.87,2024-10-25 18:37:00,refunded
1853,146,141,6,100.75,2024-12-14 20:37:00,cancelled
1854,396,48,7,416.57,2024-02-12 08:12:00,refunded
1855,774,37,7,271.95,2024-01-04 01:17:00,cancelled
1856,786,4,4,195.49,2024-11-30 00:26:00,cancelled
1857,599,83,2,72.75,2024-04-06 16:45:00,cancelled
1858,794,55,2,217.13,2024-10-06 13:58:00,pending
1859,161,131,1,79.69,2024-11-30 18:44:00,completed
1860,420,73,9,460.58,2024-09-15 09:28:00,cancelled
1861,227,87,5,58.39,2024-06-13 18:21:00,pending
1862,898,42,9,486.75,2024-02-14 16:25:00,refunded
1863,938,143,6,196.89,2024-06-22 12:07:00,refunded
1864,315,29,6,305.48,2024-05-09 00:53:00,completed
1865,261,53,8,241.95,2024-04-06 10:17:00,pending
1866,307,65,10,292.82,2024-11-28 08:01:00,completed
1867,575,147,4,362.61,2024-07-26 00:01:00,completed
1868,216,120,10,108.68,2024-06-21 06:11:00,cancelled
1869,7,132,4,458.77,2024-07-01 17:48:00,refunded
1870,258,82,9,380.0,2024-10-29 15:53:00,pending
1871,115,115,2,398.61,2024-05-31 17:50:00,cancelled
1872,929,82,3,70.06,2024-07-23 19:31:00,refunded
1873,19,39,5,90.08,2024-02-05 05:04:00,cancelled
1874,868,58,1,97.5,2024-01-04 13:39:00,pending
1875,380,38,2,351.71,2024-09-27 06:23:00,pending
1876,316,97,5,98.84,2024-08-26 14:15:00,pending
1877,346,97,8,315.08,2024-10-28 14:57:00,cancelled
1878,672,22,7,278.46,2024-10-11 06:40:00,refunded
1879,887,9,7,377.03,2024-05-12 02:11:00,cancelled
1880,979,54,10,200.41,2024-11-19 14:03:00,cancelled
1881,933,141,7,75.2,2024-09-23 20:15:00,cancelled
1882,543,40,5,187.62,2024-05-29 11:30:00,cancelled
1883,626,29,9,174.97,2024-04-18 00:28:00,cancelled
1884,400,31,5,153.03,2024-02-22 03:03:00,completed
1885,12,135,7,351.98,2024-03-21 10:46:00,cancelled
1886,72,106,2,215.54,2024-12-24 04:43:00,completed
1887,610,45,6,23.38,2024-11-02 12:21:00,cancelled
1888,231,2,10,187.67,2024-08-18 21:14:00,refunded
1889,653,196,2,203.38,2024-10-14 14:14:00,completed
1890,465,82,1,318.23,2024-12-11 06:19:00,cancelled
1891,503,194,2,112.7,2024-02-07 14:47:00,completed
1892,804,12,5,370.09,2024-12-16 04:47:00,refunded
1893,898,173,6,200.62,2024-12-30 00:22:00,completed
1894,174,33,3,481.7,2024-01-21 08:46:00,refunded
1895,565,96,10,50.88,2024-07-13 11:28:00,refunded
1896,399,82,8,469.84,2024-10-06 08:24:00,pending
1897,512,17,2,380.89,2024-07-19 23:59:00,cancelled
1898,325,63,8,335.33,2024-07-12 04:49:00,cancelled
1899,658,13,4,371.64,2024-08-13 03:13:00,pending
1900,774,145,1,182.66,2024-02-02 04:44:00,pending
1901,445,194,5,485.22,2024-05-24 01:06:00,pending
1902,414,162,4,252.14,2024-04-27 23:11:00,completed
1903,758,151,2,482.77,2024-07-22 11:15:00,pending
1904,551,159,2,305.27,2024-08-16 07:59:00,completed
1905,25,101,4,299.29,2024-04-25 18:54:00,cancelled
1906,809,45,9,102.56,2024-08-18 17:23:00,completed
1907,504,156,8,43.92,2024-01-27 07:28:00,cancelled
1908,200,77,6,82.37,2024-07-04 05:15:00,refunded
1909,318,47,1,446.54,2024-05-04 11:23:00,cancelled
1910,347,171,10,333.62,2024-12-01 08:39:00,completed
1911,714,105,4,200.64,2024-11-08 21:11:00,cancelled
1912,706,75,2,252.23,2024-01-22 16:24:00,completed
1913,763,165,1,104.82,2024-08-25 22:20:00,cancelled
1914,932,157,7,217.81,2024-01-18 03:38:00,pending
1915,471,128,2,291.38,2024-05-02 06:40:00,cancelled
1916,852,196,8,268.85,2024-06-04 09:13:00,refunded
1917,128,126,4,33.22,2024-12-10 13:23:00,cancelled
1918,24,5,6,51.37,2024-12-19 18:07:00,refunded
1919,476,122,6,454.38,2024-06-15 07:10:00,refunded
1920,108,6,10,494.56,2024-09-11 13:57:00,refunded
1921,470,56,10,358.48,2024-04-14 20:39:00,pending
1922,526,75,8,220.4,2024-06-13 13:43:00,refunded
1923,23,87,2,242.16,2024-09-21 11:58:00,refunded
1924,419,97,8,464.54,2024-02-09 08:41:00,pending
1925,361,45,8,247.51,2024-03-09 06:30:00,cancelled
1926,332,19,8,285.68,2024-01-28 08:47:00,cancelled
1927,867,92,3,123.17,2024-09-14 10:23:00,pending
1928,39,92,2,246.15,2024-02-21 06:06:00,completed
1929,177,85,7,255.56,2024-04-23 16:16:00,cancelled
1930,438,35,7,122.56,2024-04-23 22:59:00,completed
1931,311,125,5,486.64,2024-07-28 12:04:00,completed
1932,488,66,1,395.7,2024-02-08 06:23:00,refunded
1933,138,40,2,402.65,2024-12-19 16:55:00,completed
1934,137,29,7,323.83,2024-12-30 20:34:00,cancelled
1935,207,103,3,251.55,2024-10-09 08:22:00,refunded
1936,79,146,6,339.46,2024-09-09 14:42:00,pending
1937,268,27,10,62.37,2024-12-10 10:01:00,refunded
1938,908,150,6,439.77,2024-03-25 20:38:00,completed
1939,423,92,4,456.11,2024-08-20 11:42:00,pending
1940,698,195,5,89.97,2024-11-11 19:34:00,pending
1941,301,125,6,301.19,2024-11-04 00:49:00,cancelled
1942,809,91,5,64.41,2024-02-01 02:07:00,cancelled
1943,158,146,8,254.73,2024-02-07 17:06:00,pending
1944,48,78,10,321.2,2024-10-19 10:54:00,cancelled
1945,156,30,8,395.45,2024-01-15 11:10:00,pending
1946,14,170,3,137.87,2024-10-04 10:59:00,pending
1947,938,146,9,200.02,2024-10-13 18:14:00,refunded
1948,457,187,1,105.8,2024-01-23 17:09:00,pending
1949,405,4,9,388.8,2024-02-21 00:28:00,pending
1950,367,65,10,97.15,2024-10-21 02:43:00,refunded
1951,500,83,4,279.08,2024-01-21 16:59:00,refunded
1952,588,68,8,211.98,2024-09-01 15:37:00,refunded
1953,441,148,3,38.02,2024-10-10 01:35:00,cancelled
1954,981,13,6,68.76,2024-09-12 09:21:00,completed
1955,405,112,10,73.2,2024-07-27 07:17:00,refunded
1956,775,83,6,92.85,2024-08-28 20:40:00,pending
1957,467,78,7,164.08,2024-05-02 14:10:00,refunded
1958,358,185,2,493.32,2024-10-09 07:03:00,pending
1959,535,128,7,214.01,2024-01-19 18:13:00,pending
1960,83,135,9,156.56,2024-01-20 13:13:00,cancelled
1961,708,191,10,150.13,2024-04-27 17:24:00,cancelled
1962,212,38,9,330.29,2024-11-17 03:27:00,cancelled
1963,307,156,4,316.9,2024-01-27 04:09:00,completed
1964,234,38,8,216.06,2024-03-16 14:49:00,cancelled
1965,785,77,6,269.9,2024-05-19 21:09:00,completed
1966,304,15,1,95.39,2024-12-24 02:30:00,cancelled
1967,710,168,2,281.73,2024-10-10 21:11:00,cancelled
1968,278,158,5,135.62,2024-12-22 14:28:00,refunded
1969,475,129,9,114.49,2024-02-07 01:48:00,pending
1970,961,134,2,59.16,2024-07-01 22:01:00,pending
1971,878,100,1,488.52,2024-12-02 02:45:00,completed
1972,453,110,3,145.02,2024-12-06 17:49:00,pending
1973,855,104,8,278.88,2024-04-28 05:22:00,refunded
1974,759,19,1,164.7,2024-12-27 10:05:00,refunded
1975,390,169,4,262.26,2024-03-18 02:13:00,refunded
1976,765,28,7,366.04,2024-12-13 17:13:00,cancelled
1977,173,136,5,74.13,2024-01-25 16:15:00,pending
1978,238,114,7,88.74,2024-04-25 19:56:00,cancelled
1979,407,15,6,26.28,2024-04-09 06:59:00,completed
1980,724,4,8,120.12,2024-05-26 13:09:00,cancelled
1981,715,113,7,493.92,2024-03-29 13:55:00,refunded
1982,583,69,2,243.02,2024-05-08 04:16:00,refunded
1983,395,157,1,487.55,2024-01-06 01:48:00,completed
1984,418,198,6,345.37,2024-12-22 03:52:00,refunded
1985,690,195,3,486.38,2024-09-04 08:51:00,completed
1986,254,142,8,270.96,2024-03-27 11:39:00,completed
1987,458,156,3,401.35,2024-02-21 09:44:00,refunded
1988,563,4,4,60.92,2024-05-14 15:15:00,cancelled
1989,924,4,8,490.7,2024-10-08 06:49:00,cancelled
1990,992,107,6,246.07,2024-04-23 06:25:00,pending
1991,438,24,5,254.85,2024-08-31 01:28:00,refunded
1992,123,141,4,266.93,2024-08-06 05:46:00,pending
1993,187,11,6,373.64,2024-09-21 00:43:00,cancelled
1994,988,40,5,396.32,2024-10-31 21:37:00,pending
1995,978,9,8,319.8,2024-06-26 13:01:00,completed
1996,6,49,8,254.29,2024-06-23 04:54:00,completed
1997,860,30,9,266.64,2024-06-07 20:19:00,pending
1998,268,96,1,120.44,2024-01-06 17:40:00,pending
1999,982,95,2,156.6,2024-05-31 15:53:00,cancelled
2000,362,111,6,315.6,2024-08-14 22:06:00,pending
2001,638,119,3,274.19,2024-01-10 01:09:00,refunded
2002,506,119,7,203.64,2024-08-15 10:47:00,cancelled
2003,509,82,1,161.18,2024-09-10 17:38:00,refunded
2004,793,48,8,94.16,2024-10-01 13:59:00,cancelled
2005,420,30,5,196.21,2024-10-03 15:43:00,cancelled
2006,494,106,9,498.07,2024-09-11 17:07:00,cancelled
2007,869,51,7,369.51,2024-03-02 13:17:00,cancelled
2008,739,95,10,171.66,2024-11-13 01:08:00,cancelled
2009,658,159,10,364.82,2024-06-05 17:12:00,completed
2010,993,41,4,431.67,2024-09-17 18:27:00,completed
2011,805,161,6,196.81,2024-07-13 10:12:00,cancelled
2012,259,66,9,207.61,2024-11-25 12:57:00,completed
2013,59,188,9,427.59,2024-11-30 15:58:00,completed
2014,259,72,4,494.01,2024-07-23 06:03:00,refunded
2015,635,78,10,381.97,2024-08-16 05:45:00,refunded
2016,357,200,8,110.96,2024-10-04 14:08:00,refunded
2017,937,91,9,268.51,2024-08-26 11:53:00,refunded
2018,826,8,5,298.55,2024-08-20 20:13:00,cancelled
2019,32,116,8,86.35,2024-02-24 17:55:00,pending
2020,406,112,10,71.58,2024-04-01 21:47:00,completed
2021,808,83,2,454.0,2024-11-12 03:55:00,completed
2022,966,79,7,300.52,2024-04-11 02:50:00,pending
2023,947,117,7,436.15,2024-04-24 07:35:00,cancelled
2024,659,136,6,357.84,2024-07-13 01:28:00,cancelled
2025,613,132,10,410.77,2024-10-18 05:52:00,completed
2026,171,148,2,31.97,2024-09-06 09:25:00,completed
2027,358,25,5,280.37,2024-03-11 05:10:00,cancelled
2028,850,82,5,480.06,2024-03-10 10:17:00,pending
2029,88,96,5,69.36,2024-06-03 12:57:00,pending
2030,768,160,6,410.6,2024-11-28 07:39:00,refunded
2031,965,62,1,107.55,2024-07-25 21:12:00,cancelled
2032,619,160,4,87.29,2024-12-09 19:44:00,cancelled
2033,961,138,3,271.93,2024-03-10 12:26:00,completed
2034,683,150,4,36.61,2024-10-16 03:38:00,cancelled
2035,955,120,2,142.66,2024-09-03 12:55:00,completed
2036,128,126,3,61.14,2024-10-18 12:12:00,completed
2037,89,93,5,449.57,2024-04-10 00:11:00,refunded
2038,356,175,9,315.29,2024-05-27 02:20:00,refunded
2039,677,171,10,259.87,2024-12-22 19:35:00,pending
2040,383,31,2,41.71,2024-05-12 08:37:00,cancelled
2041,440,79,5,207.7,2024-08-09 14:44:00,completed
2042,352,35,3,61.56,2024-10-27 08:34:00,pending
2043,994,82,8,61.93,2024-12-04 09:28:00,completed
2044,815,184,5,95.82,2024-02-24 23:54:00,cancelled
2045,822,129,3,195.3,2024-07-24 15:23:00,cancelled
2046,985,6,6,422.77,2024-07-17 18:42:00,refunded
2047,182,128,9,360.98,2024-05-26 16:23:00,cancelled
2048,632,191,10,283.81,2024-11-22 13:19:00,refunded
2049,881,76,2,204.6,2024-11-28 17:15:00,refunded
2050,145,38,6,74.33,2024-01-10 19:50:00,cancelled
2051,467,41,10,254.77,2024-09-16 16:38:00,refunded
2052,685,30,7,427.72,2024-01-28 17:05:00,refunded
2053,569,42,6,38.54,2024-06-16 10:03:00,cancelled
2054,128,1,5,262.72,2024-12-06 12:47:00,completed
2055,646,200,6,464.0,2024-05-30 01:52:00,pending
2056,195,50,9,263.38,2024-04-13 06:42:00,pending
2057,415,200,3,113.2,2024-06-30 20:24:00,refunded
2058,148,121,8,103.88,2024-12-15 05:27:00,pending
2059,265,191,4,301.12,2024-05-24 21:41:00,pending
2060,698,55,8,58.12,2024-01-25 17:22:00,refunded
2061,563,106,3,424.61,2024-12-25 18:21:00,pending
2062,12,4,1,419.54,2024-06-12 02:19:00,completed
2063,791,3,5,393.36,2024-11-03 11:29:00,completed
2064,725,28,2,443.27,2024-03-11 20:43:00,pending
2065,273,78,7,105.75,2024-03-22 17:06:00,pending
2066,444,83,9,328.07,2024-07-12 01:47:00,pending
2067,493,48,10,241.12,2024-06-15 19:53:00,completed
2068,481,62,4,281.3,2024-08-02 01:20:00,cancelled
2069,942,46,10,165.86,2024-03-12 12:28:00,completed
2070,624,63,5,196.29,2024-02-10 13:37:00,refunded
2071,225,34,3,481.33,2024-08-23 14:35:00,pending
2072,923,195,5,87.16,2024-02-06 19:31:00,refunded
2073,204,160,2,132.42,2024-07-18 14:46:00,refunded
2074,570,28,9,385.29,2024-12-14 07:07:00,refunded
2075,243,195,6,309.08,2024-06-04 17:05:00,completed
2076,598,74,1,482.9,2024-03-20 08:50:00,refunded
2077,348,35,5,271.21,2024-09-07 18:23:00,pending
2078,807,164,9,190.23,2024-08-06 01:20:00,pending
2079,748,9,10,318.4,2024-12-09 00:44:00,cancelled
2080,56,68,1,300.26,2024-03-20 01:25:00,refunded
2081,155,193,1,276.24,2024-06-21 02:20:00,refunded
2082,641,26,7,371.97,2024-08-19 04:51:00,cancelled
2083,972,125,1,371.6,2024-01-13 05:16:00,cancelled
2084,475,151,7,464.08,2024-11-27 21:07:00,pending
2085,574,55,8,105.41,2024-11-14 00:22:00,completed
2086,396,184,1,47.8,2024-04-19 12:09:00,refunded
2087,985,147,9,190.93,2024-08-09 06:37:00,cancelled
2088,678,84,8,401.1,2024-07-18 07:35:00,pending
2089,977,57,7,148.71,2024-06-15 23:27:00,refunded
2090,161,131,3,470.84,2024-11-03 01:23:00,pending
2091,692,75,5,402.81,2024-11-26 06:24:00,refunded
2092,928,50,1,455.83,2024-03-19 11:26:00,completed
2093,395,4,9,26.93,2024-12-15 12:23:00,cancelled
2094,207,124,3,110.45,2024-05-24 16:58:00,completed
2095,867,19,9,65.35,2024-02-23 18:53:00,refunded
2096,693,177,4,400.67,2024-01-28 03:50:00,pending
2097,890,131,4,417.38,2024-11-26 03:30:00,pending
2098,111,78,1,252.34,2024-01-26 15:34:00,pending
2099,271,106,1,365.58,2024-03-05 21:06:00,pending
2100,936,111,10,133.85,2024-02-24 15:26:00,completed
2101,92,3,3,186.18,2024-05-19 07:42:00,cancelled
2102,234,156,8,377.36,2024-12-21 18:37:00,refunded
2103,325,7,4,279.04,2024-08-10 01:25:00,refunded
2104,762,63,4,237.99,2024-08-27 11:08:00,pending
2105,993,184,9,320.32,2024-05-15 14:44:00,cancelled
2106,35,85,6,186.12,2024-12-22 11:01:00,pending
2107,198,29,3,83.51,2024-09-03 20:04:00,refunded
2108,706,167,9,446.39,2024-03-30 19:28:00,pending
2109,860,69,10,372.86,2024-12-02 05:22:00,completed
2110,621,153,3,365.64,2024-10-05 23:34:00,cancelled
2111,462,14,6,187.57,2024-08-31 03:15:00,refunded
2112,537,168,8,117.18,2024-03-10 20:51:00,pending
2113,997,54,1,221.13,2024-03-30 16:30:00,pending
2114,867,56,3,301.46,2024-06-30 08:09:00,cancelled
2115,321,60,7,267.63,2024-11-29 16:56:00,completed
2116,84,25,8,270.71,2024-10-24 00:01:00,pending
2117,307,64,3,447.88,2024-07-08 12:29:00,completed
2118,838,146,2,283.94,2024-06-04 02:54:00,refunded
2119,73,50,9,342.55,2024-09-22 04:41:00,cancelled
2120,181,98,3,432.26,2024-10-15 09:42:00,refunded
2121,17,190,6,423.24,2024-04-15 01:20:00,refunded
2122,863,10,8,354.18,2024-01-20 08:17:00,refunded
2123,923,92,2,432.35,2024-10-03 06:36:00,completed
2124,69,179,6,27.9,2024-02-03 15:56:00,pending
2125,76,122,8,234.56,2024-04-07 23:50:00,cancelled
2126,785,38,8,419.5,2024-01-23 00:35:00,pending
2127,596,188,4,38.76,2024-07-20 23:20:00,refunded
2128,25,195,2,489.46,2024-12-12 15:34:00,pending
2129,395,14,8,320.69,2024-08-25 18:31:00,cancelled
2130,506,174,6,221.07,2024-01-28 08:06:00,pending
2131,972,116,4,126.5,2024-06-10 15:16:00,pending
2132,499,52,7,67.35,2024-03-08 19:36:00,pending
2133,236,23,4,375.46,2024-05-15 06:09:00,cancelled
2134,896,19,10,323.15,2024-02-08 11:45:00,pending
2135,428,93,8,246.88,2024-11-06 13:26:00,pending
2136,558,173,9,356.44,2024-11-23 17:09:00,pending
2137,327,196,7,258.84,2024-10-17 05:48:00,refunded
2138,180,184,10,203.15,2024-09-04 06:03:00,completed
2139,693,106,1,153.38,2024-11-18 15:15:00,completed
2140,242,126,4,317.9,2024-11-12 07:56:00,cancelled
2141,466,106,7,338.25,2024-08-17 01:30:00,pending
2142,955,176,2,90.14,2024-04-17 09:35:00,pending
2143,788,45,9,296.76,2024-06-14 13:30:00,cancelled
2144,658,61,5,114.1,2024-06-18 17:19:00,refunded
2145,974,129,4,35.82,2024-11-28 18:38:00,completed
2146,318,110,10,462.64,2024-01-02 20:03:00,cancelled
2147,950,92,7,416.22,2024-12-29 21:37:00,completed
2148,1000,137,9,97.98,2024-09-01 08:37:00,completed
2149,476,34,3,111.69,2024-10-29 07:28:00,pending
2150,426,104,3,283.69,2024-06-25 14:50:00,completed
2151,125,60,10,137.3,2024-10-16 04:31:00,cancelled
2152,119,7,9,391.18,2024-01-30 22:32:00,cancelled
2153,343,25,4,38.81,2024-07-10 11:12:00,completed
2154,351,182,4,295.55,2024-02-08 12:25:00,cancelled
2155,545,97,7,465.3,2024-06-27 01:18:00,pending
2156,752,20,10,279.83,2024-04-27 09:53:00,refunded
2157,290,129,2,221.28,2024-05-18 17:18:00,completed
2158,599,15,10,163.25,2024-07-24 13:46:00,cancelled
2159,980,49,6,37.79,2024-02-26 20:06:00,completed
2160,684,9,8,480.93,2024-08-15 14:05:00,cancelled
2161,780,172,2,441.34,2024-07-27 04:15:00,completed
2162,490,56,8,86.39,2024-01-29 05:50:00,refunded
2163,787,135,9,453.15,2024-05-23 16:09:00,completed
2164,196,113,4,121.42,2024-10-20 16:50:00,cancelled
2165,520,149,1,226.54,2024-02-17 06:44:00,refunded
2166,895,195,1,361.67,2024-04-03 01:08:00,pending
2167,311,195,4,365.78,2024-09-09 04:57:00,completed
2168,10,71,1,76.42,2024-07-01 15:21:00,cancelled
2169,4,41,6,198.4,2024-03-25 05:26:00,completed
2170,532,102,7,103.24,2024-03-31 10:20:00,completed
2171,114,55,5,289.92,2024-05-31 16:14:00,cancelled
2172,77,173,5,106.95,2024-03-01 10:56:00,cancelled
2173,849,73,2,302.63,2024-03-29 22:08:00,cancelled
2174,64,2,6,137.89,2024-10-18 06:02:00,pending
2175,366,188,9,97.71,2024-02-26 03:31:00,cancelled
2176,869,91,10,409.66,2024-11-03 12:34:00,pending
2177,145,76,7,307.95,2024-07-04 03:54:00,refunded
2178,94,194,9,65.7,2024-06-02 11:53:00,cancelled
2179,172,127,10,308.34,2024-01-31 23:55:00,cancelled
2180,271,92,8,57.73,2024-10-07 11:16:00,refunded
2181,22,96,5,445.91,2024-11-15 20:04:00,completed
2182,683,19,9,196.36,2024-03-12 09:47:00,refunded
2183,917,86,3,159.94,2024-10-07 13:27:00,refunded
2184,491,194,9,63.06,2024-10-13 01:44:00,pending
2185,434,170,8,123.87,2024-01-30 03:21:00,refunded
2186,741,103,6,266.98,2024-07-23 07:07:00,pending
2187,423,160,9,197.15,2024-05-16 06:29:00,pending
2188,494,134,4,52.37,2024-08-24 00:42:00,cancelled
2189,536,58,4,331.31,2024-02-22 09:13:00,cancelled
2190,388,41,2,34.82,2024-09-19 18:10:00,completed
2191,719,48,9,58.51,2024-01-08 23:19:00,refunded
2192,807,156,4,464.15,2024-05-31 12:12:00,refunded
2193,104,149,10,179.73,2024-06-12 17:21:00,pending
2194,629,19,1,321.97,2024-03-06 02:50:00,completed
2195,545,180,3,370.4,2024-02-15 01:07:00,cancelled
2196,399,141,2,375.37,2024-09-10 19:45:00,refunded
2197,779,18,6,71.68,2024-10-27 05:03:00,refunded
2198,391,42,8,403.1,2024-08-23 15:02:00,cancelled
2199,297,130,4,406.48,2024-06-28 15:30:00,cancelled
2200,362,161,3,399.06,2024-03-16 19:30:00,completed
2201,207,2,1,163.64,2024-07-10 06:14:00,pending
2202,250,156,9,400.58,2024-04-20 20:21:00,refunded
2203,530,18,4,366.25,2024-08-02 11:28:00,refunded
2204,205,145,7,85.9,2024-04-09 04:37:00,cancelled
2205,467,22,2,296.27,2024-06-05 12:01:00,refunded
2206,233,120,7,150.33,2024-03-03 04:46:00,completed
2207,209,121,3,470.78,2024-09-19 17:44:00,pending
2208,126,179,3,373.56,2024-05-13 10:11:00,pending
2209,47,8,9,79.24,2024-10-29 12:44:00,completed
2210,825,21,8,449.06,2024-10-24 20:14:00,completed
2211,450,148,10,434.02,2024-04-25 16:39:00,refunded
2212,843,177,5,415.79,2024-05-14 15:46:00,cancelled
2213,645,135,8,200.86,2024-04-02 13:37:00,refunded
2214,848,48,4,290.03,2024-09-02 01:30:00,pending
2215,309,125,2,231.75,2024-12-30 05:49:00,refunded
2216,449,119,2,410.88,2024-08-22 19:00:00,completed
2217,410,166,1,240.82,2024-10-06 15:15:00,completed
2218,26,30,10,229.03,2024-04-15 20:45:00,completed
2219,198,117,9,344.63,2024-04-06 17:40:00,cancelled
2220,89,152,3,78.07,2024-02-12 22:24:00,completed
2221,41,87,1,414.96,2024-11-06 15:43:00,refunded
2222,481,104,5,290.83,2024-07-01 01:28:00,pending
2223,455,128,9,423.19,2024-10-14 07:44:00,cancelled
2224,469,133,2,395.06,2024-09-20 16:26:00,refunded
2225,196,85,7,494.18,2024-06-25 11:35:00,refunded
2226,661,163,2,161.4,2024-11-06 19:48:00,refunded
2227,377,144,2,323.0,2024-02-28 20:13:00,refunded
2228,253,113,4,296.89,2024-06-16 09:25:00,pending
2229,242,102,4,162.18,2024-12-27 12:41:00,completed
2230,592,112,7,40.19,2024-06-25 04:08:00,refunded
2231,420,32,3,89.1,2024-09-23 18:29:00,completed
2232,271,40,9,85.88,2024-06-24 07:45:00,refunded
2233,82,21,9,435.24,2024-05-06 19:51:00,cancelled
2234,277,183,6,349.0,2024-12-06 12:35:00,completed
2235,926,116,8,314.43,2024-10-11 13:03:00,cancelled
2236,317,126,1,469.47,2024-02-04 01:10:00,pending
2237,93,183,2,393.16,2024-06-22 12:43:00,refunded
2238,169,189,6,257.09,2024-11-29 18:33:00,refunded
2239,493,190,9,34.25,2024-03-26 19:37:00,refunded
2240,810,73,10,264.22,2024-08-12 22:27:00,completed
2241,781,187,7,445.1,2024-10-19 19:54:00,cancelled
2242,379,67,8,239.61,2024-08-15 02:18:00,completed
2243,492,80,2,137.14,2024-08-10 16:56:00,cancelled
2244,836,28,10,51.44,2024-10-20 17:39:00,completed
2245,853,89,7,145.74,2024-07-21 20:12:00,completed
2246,583,97,6,165.97,2024-03-07 14:29:00,refunded
2247,549,93,3,277.51,2024-06-21 08:01:00,completed
2248,566,116,7,356.31,2024-06-17 11:22:00,pending
2249,15,74,4,218.41,2024-01-21 17:40:00,cancelled
2250,180,55,1,478.34,2024-04-09 08:59:00,pending
2251,469,124,3,191.31,2024-10-08 08:00:00,completed
2252,772,86,7,247.64,2024-04-16 12:51:00,refunded
2253,144,154,7,236.48,2024-03-06 17:38:00,completed
2254,59,136,10,242.68,2024-11-13 10:20:00,cancelled
2255,629,48,9,384.73,2024-05-24 09:56:00,refunded
2256,624,76,1,114.34,2024-05-13 15:36:00,pending
2257,868,137,4,54.68,2024-03-05 17:46:00,cancelled
2258,701,20,3,373.33,2024-11-02 15:00:00,completed
2259,202,56,8,273.02,2024-10-22 05:47:00,pending
2260,340,38,4,205.41,2024-07-25 16:36:00,completed
2261,168,138,10,446.2,2024-09-27 03:09:00,cancelled
2262,924,30,10,118.44,2024-12-04 02:06:00,cancelled
2263,374,130,7,233.05,2024-12-31 17:20:00,completed
2264,74,4,7,202.29,2024-10-13 17:21:00,cancelled
2265,159,25,7,451.47,2024-04-22 06:38:00,cancelled
2266,1,47,3,348.25,2024-11-20 22:58:00,refunded
2267,978,158,10,116.1,2024-03-24 19:23:00,cancelled
2268,633,176,1,101.49,2024-08-12 21:34:00,refunded
2269,544,94,10,46.13,2024-07-16 22:22:00,completed
2270,465,91,2,158.69,2024-01-10 19:22:00,cancelled
2271,851,129,4,51.19,2024-12-04 20:08:00,refunded
2272,367,70,8,208.98,2024-06-12 12:57:00,completed
2273,349,171,5,197.19,2024-04-18 01:54:00,refunded
2274,320,71,2,414.89,2024-09-27 00:03:00,pending
2275,956,82,3,313.46,2024-01-19 01:15:00,refunded
2276,765,115,9,177.41,2024-12-19 17:07:00,refunded
2277,410,49,4,245.03,2024-01-13 14:17:00,completed
2278,511,84,10,345.9,2024-02-26 05:27:00,completed
2279,892,43,2,386.58,2024-11-29 23:03:00,pending
2280,736,100,8,90.0,2024-01-05 19:05:00,cancelled
2281,58,68,6,131.31,2024-01-28 07:04:00,pending
2282,11,9,7,351.67,2024-03-12 16:02:00,completed
2283,294,115,8,468.24,2024-08-16 21:40:00,cancelled
2284,487,28,4,456.36,2024-03-13 19:45:00,completed
2285,363,179,6,45.62,2024-11-08 21:48:00,pending
2286,700,185,1,74.56,2024-06-04 20:46:00,cancelled
2287,561,78,9,98.54,2024-05-24 14:16:00,pending
2288,471,161,3,252.51,2024-07-14 05:11:00,pending
2289,45,147,3,62.0,2024-07-26 19:24:00,pending
2290,840,22,1,305.3,2024-05-25 01:31:00,completed
2291,992,51,5,457.12,2024-07-16 07:58:00,refunded
2292,102,28,8,431.96,2024-10-06 12:14:00,completed
2293,136,11,4,82.46,2024-11-18 02:32:00,cancelled
2294,807,68,1,354.19,2024-07-23 07:16:00,completed
2295,762,111,2,232.45,2024-06-20 22:23:00,refunded
2296,532,186,10,92.93,2024-06-09 09:50:00,pending
2297,20,96,3,83.46,2024-08-29 00:26:00,refunded
2298,576,37,5,88.21,2024-01-18 20:31:00,completed
2299,470,128,10,495.86,2024-09-13 01:23:00,cancelled
2300,34,80,1,143.33,2024-06-08 00:28:00,cancelled
2301,197,15,8,406.37,2024-02-27 05:37:00,pending
2302,281,187,5,318.59,2024-09-24 19:38:00,completed
2303,103,68,9,47.36,2024-09-06 18:00:00,cancelled
2304,950,92,9,230.7,2024-02-25 02:31:00,completed
2305,902,111,3,103.68,2024-12-30 13:09:00,pending
2306,124,65,5,89.63,2024-02-11 10:32:00,completed
2307,402,83,2,370.52,2024-09-20 15:14:00,pending
2308,201,72,9,34.75,2024-02-12 08:20:00,completed
2309,552,55,4,394.62,2024-12-10 01:42:00,completed
2310,429,18,4,122.75,2024-04-28 23:15:00,pending
2311,76,163,6,25.74,2024-02-25 11:08:00,pending
2312,37,46,7,21.81,2024-04-17 11:10:00,cancelled
2313,94,148,8,493.46,2024-12-14 22:20:00,refunded
2314,10,15,3,487.96,2024-04-10 05:09:00,pending
2315,543,61,1,127.95,2024-01-18 17:40:00,cancelled
2316,205,136,8,90.7,2024-12-11 02:11:00,cancelled
2317,55,46,2,429.51,2024-12-15 15:58:00,refunded
2318,106,109,10,327.03,2024-06-08 19:38:00,refunded
2319,381,82,1,151.39,2024-05-03 19:05:00,cancelled
2320,199,26,2,443.77,2024-11-03 01:00:00,cancelled
2321,352,40,5,153.5,2024-02-19 02:08:00,pending
2322,771,194,8,456.62,2024-09-19 08:48:00,refunded
2323,955,151,4,68.74,2024-01-28 03:52:00,pending
2324,691,66,5,337.86,2024-09-10 04:54:00,cancelled
2325,650,116,3,235.02,2024-04-23 08:45:00,cancelled
2326,142,48,8,155.08,2024-05-13 12:46:00,completed
2327,886,147,3,281.12,2024-09-12 15:40:00,pending
2328,806,150,3,235.04,2024-12-24 20:49:00,cancelled
2329,460,34,1,191.68,2024-10-20 20:23:00,pending
2330,999,104,9,142.38,2024-03-24 12:35:00,completed
2331,570,198,10,458.68,2024-10-28 01:34:00,completed
2332,23,58,6,25.76,2024-03-21 12:52:00,completed
2333,47,50,9,191.63,2024-09-18 02:51:00,refunded
2334,826,116,1,375.93,2024-06-11 08:09:00,refunded
2335,745,9,10,435.77,2024-05-01 17:11:00,pending
2336,335,168,1,387.47,2024-10-25 02:37:00,refunded
2337,419,9,2,412.25,2024-08-01 19:58:00,refunded
2338,915,154,6,331.46,2024-09-17 17:02:00,cancelled
2339,39,90,2,141.81,2024-12-23 08:36:00,cancelled
2340,522,32,8,315.61,2024-12-20 02:38:00,completed
2341,546,18,5,45.26,2024-10-07 20:04:00,completed
2342,418,56,9,294.34,2024-09-04 00:41:00,completed
2343,198,175,10,293.42,2024-01-09 03:59:00,cancelled
2344,806,156,9,357.31,2024-07-10 19:07:00,pending
2345,572,22,7,401.78,2024-10-21 23:29:00,refunded
2346,976,174,3,114.52,2024-08-17 00:49:00,cancelled
2347,676,48,3,486.48,2024-08-18 09:47:00,pending
2348,820,38,1,370.53,2024-05-18 07:40:00,refunded
2349,296,40,7,447.21,2024-12-07 08:30:00,cancelled
2350,88,113,9,187.74,2024-11-17 23:32:00,completed
2351,616,185,7,455.4,2024-03-13 02:52:00,refunded
2352,982,111,8,100.41,2024-08-26 21:46:00,completed
2353,394,26,4,437.82,2024-04-20 17:50:00,cancelled
2354,144,90,7,107.82,2024-10-16 03:18:00,pending
2355,890,142,5,396.16,2024-07-04 11:00:00,completed
2356,558,66,4,136.84,2024-06-29 13:41:00,completed
2357,320,200,9,395.31,2024-12-28 09:41:00,completed
2358,831,39,10,60.53,2024-12-16 21:40:00,cancelled
2359,109,89,5,219.39,2024-03-22 00:08:00,cancelled
2360,830,179,2,71.79,2024-05-23 08:26:00,completed
2361,614,22,6,474.48,2024-06-04 04:33:00,pending
2362,268,23,3,408.95,2024-06-24 18:52:00,refunded
2363,270,139,4,102.48,2024-07-08 04:45:00,cancelled
2364,450,193,6,326.62,2024-06-23 05:59:00,refunded
2365,289,122,10,188.53,2024-12-13 18:11:00,cancelled
2366,399,178,9,205.56,2024-05-26 04:44:00,refunded
2367,636,76,3,301.37,2024-01-27 20:59:00,cancelled
2368,30,47,1,40.41,2024-10-16 00:18:00,refunded
2369,741,41,3,270.23,2024-03-19 21:40:00,refunded
2370,369,62,10,80.91,2024-06-27 17:45:00,refunded
2371,508,31,1,62.49,2024-05-29 07:11:00,pending
2372,594,144,2,50.69,2024-11-22 19:36:00,pending
2373,171,85,7,334.81,2024-02-16 06:46:00,completed
2374,255,130,7,392.41,2024-09-01 17:02:00,completed
2375,173,56,6,485.51,2024-09-02 15:08:00,pending
2376,679,23,2,253.41,2024-03-20 08:16:00,cancelled
2377,750,179,6,423.43,2024-02-25 08:48:00,cancelled
2378,65,194,2,167.42,2024-07-23 07:12:00,pending
2379,790,56,8,107.37,2024-04-03 14:33:00,refunded
2380,556,44,5,403.42,2024-10-10 22:47:00,pending
2381,203,160,8,254.28,2024-05-24 10:50:00,completed
2382,586,124,8,447.09,2024-11-15 07:01:00,refunded
2383,331,90,3,114.53,2024-06-16 00:27:00,refunded
2384,493,126,4,348.26,2024-11-09 21:37:00,refunded
2385,426,7,5,487.45,2024-10-10 15:23:00,refunded
2386,722,52,4,420.78,2024-09-28 22:20:00,cancelled
2387,553,75,7,350.39,2024-03-18 11:31:00,completed
2388,910,8,7,266.42,2024-03-26 08:50:00,cancelled
2389,913,160,7,98.6,2024-10-31 04:49:00,refunded
2390,353,114,5,432.13,2024-07-09 18:32:00,cancelled
2391,202,31,8,479.3,2024-08-28 13:16:00,refunded
2392,542,187,10,495.96,2024-01-11 01:48:00,completed
2393,621,138,9,442.29,2024-12-25 12:36:00,refunded
2394,238,24,5,444.41,2024-08-05 08:27:00,pending
2395,195,69,7,128.68,2024-11-10 00:07:00,cancelled
2396,336,137,6,332.36,2024-07-28 09:17:00,completed
2397,385,95,1,58.21,2024-12-06 04:46:00,completed
2398,130,79,4,477.46,2024-04-30 23:28:00,cancelled
2399,717,59,4,403.03,2024-01-05 02:49:00,pending
2400,274,103,6,241.97,2024-11-27 09:04:00,completed
2401,116,38,1,454.41,2024-06-21 11:04:00,completed
2402,623,164,5,238.85,2024-01-23 11:49:00,refunded
2403,356,199,7,40.79,2024-02-26 14:31:00,cancelled
2404,85,113,9,126.85,2024-06-17 15:54:00,cancelled
2405,478,168,1,362.78,2024-09-20 12:05:00,cancelled
2406,926,69,2,182.64,2024-11-28 04:15:00,refunded
2407,784,134,6,231.93,2024-07-09 20:43:00,refunded
2408,569,187,3,334.58,2024-09-13 14:24:00,refunded
2409,412,28,8,219.77,2024-07-14 05:25:00,pending
2410,241,144,7,389.14,2024-11-09 01:56:00,refunded
2411,102,119,6,123.11,2024-10-26 02:05:00,cancelled
2412,557,49,1,410.63,2024-11-10 13:15:00,refunded
2413,666,30,10,432.54,2024-03-25 07:24:00,pending
2414,597,123,7,32.93,2024-03-22 11:12:00,completed
2415,945,186,1,113.05,2024-08-12 16:27:00,completed
2416,184,142,4,297.29,2024-04-18 01:56:00,pending
2417,475,197,1,321.15,2024-08-19 01:07:00,pending
2418,531,81,8,310.49,2024-11-18 20:13:00,completed
2419,390,35,6,396.19,2024-12-08 23:07:00,cancelled
2420,634,152,9,230.38,2024-12-11 12:47:00,refunded
2421,786,123,6,432.47,2024-10-12 17:38:00,refunded
2422,573,111,7,85.58,2024-08-16 16:03:00,pending
2423,661,75,10,379.69,2024-05-05 07:42:00,refunded
2424,375,42,4,442.14,2024-03-09 07:06:00,refunded
2425,423,131,10,388.74,2024-08-05 09:36:00,cancelled
2426,525,65,7,41.57,2024-06-21 17:25:00,cancelled
2427,481,168,4,273.04,2024-05-10 18:04:00,pending
2428,740,193,3,27.87,2024-09-09 01:20:00,refunded
2429,880,100,3,137.19,2024-10-08 00:13:00,completed
2430,583,141,10,84.96,2024-01-29 15:50:00,refunded
2431,394,82,10,69.74,2024-02-18 23:18:00,cancelled
2432,908,32,2,496.77,2024-08-02 01:07:00,refunded
2433,711,152,10,476.87,2024-01-19 19:39:00,pending
2434,466,40,5,81.52,2024-06-26 16:30:00,completed
2435,719,104,6,296.7,2024-03-26 08:18:00,refunded
2436,208,17,8,191.56,2024-02-02 02:40:00,refunded
2437,477,125,7,496.75,2024-02-10 07:36:00,cancelled
2438,705,177,4,69.91,2024-09-04 23:14:00,refunded
2439,611,171,5,72.68,2024-01-06 06:52:00,completed
2440,746,197,4,295.5,2024-02-09 01:23:00,completed
2441,858,91,4,367.38,2024-02-19 18:24:00,pending
2442,628,176,10,169.97,2024-09-30 02:49:00,cancelled
2443,372,139,10,150.3,2024-06-08 23:55:00,completed
2444,393,103,8,60.13,2024-08-07 18:44:00,completed
2445,548,154,2,489.37,2024-02-28 00:28:00,pending
2446,534,39,3,153.3,2024-12-31 12:16:00,pending
2447,828,116,4,269.36,2024-05-01 23:09:00,refunded
2448,34,180,7,96.44,2024-07-24 06:06:00,refunded
2449,749,183,4,67.52,2024-05-25 05:16:00,pending
2450,966,73,1,397.57,2024-04-22 17:09:00,refunded
2451,531,42,7,200.52,2024-11-20 04:16:00,completed
2452,331,169,2,279.94,2024-05-21 05:36:00,cancelled
2453,757,157,10,212.83,2024-06-20 03:23:00,completed
2454,705,13,4,44.39,2024-05-03 17:19:00,refunded
2455,613,165,8,201.62,2024-02-18 01:49:00,cancelled
2456,675,14,8,176.09,2024-03-31 09:01:00,completed
2457,418,58,1,122.68,2024-11-03 15:20:00,refunded
2458,447,159,7,220.19,2024-04-04 23:25:00,completed
2459,358,31,2,369.9,2024-01-14 22:25:00,cancelled
2460,147,101,10,425.36,2024-07-29 11:44:00,refunded
2461,122,32,9,338.38,2024-05-17 23:57:00,pending
2462,960,11,8,65.99,2024-04-20 03:56:00,refunded
2463,391,36,9,418.19,2024-02-20 07:40:00,pending
2464,875,132,1,149.75,2024-12-27 00:39:00,cancelled
2465,918,21,2,237.31,2024-07-28 07:28:00,refunded
2466,224,28,9,403.42,2024-09-02 09:03:00,completed
2467,705,28,8,202.31,2024-12-07 20:54:00,completed
2468,656,26,2,422.67,2024-02-12 19:48:00,refunded
2469,646,126,7,243.04,2024-05-15 05:10:00,pending
2470,312,9,7,55.72,2024-09-17 11:08:00,pending
2471,539,77,10,438.08,2024-03-30 01:19:00,refunded
2472,488,6,10,432.69,2024-04-12 07:45:00,completed
2473,566,75,4,346.62,2024-01-05 20:00:00,completed
2474,838,183,5,136.42,2024-07-17 05:14:00,refunded
2475,388,128,2,115.28,2024-01-31 10:01:00,cancelled
2476,767,140,1,378.91,2024-05-17 14:34:00,completed
2477,276,168,6,97.61,2024-03-12 15:31:00,completed
2478,888,169,6,474.27,2024-04-10 09:47:00,refunded
2479,944,121,7,237.46,2024-06-25 14:44:00,completed
2480,896,59,8,210.97,2024-04-12 23:40:00,pending
2481,534,122,3,106.57,2024-05-25 13:43:00,completed
2482,25,77,5,427.98,2024-06-10 04:46:00,cancelled
2483,128,131,3,122.2,2024-08-09 15:47:00,completed
2484,53,13,8,205.29,2024-11-30 21:19:00,pending
2485,338,96,5,197.95,2024-11-12 19:35:00,refunded
2486,950,35,3,468.37,2024-09-21 07:58:00,cancelled
2487,120,31,1,92.28,2024-06-22 23:47:00,pending
2488,666,186,8,174.38,2024-02-16 19:38:00,refunded
2489,96,176,9,336.96,2024-03-04 14:28:00,completed
2490,518,119,5,60.24,2024-05-06 14:53:00,pending
2491,292,187,3,214.86,2024-08-08 12:00:00,refunded
2492,820,1,8,314.34,2024-08-07 05:23:00,cancelled
2493,948,33,2,192.07,2024-11-01 06:49:00,completed
2494,143,12,8,334.33,2024-08-22 15:10:00,cancelled
2495,678,128,2,398.73,2024-05-26 10:28:00,completed
2496,763,62,4,317.82,2024-05-24 08:56:00,refunded
2497,824,145,8,28.09,2024-03-01 11:13:00,pending
2498,385,124,6,25.37,2024-11-10 12:58:00,completed
2499,946,197,7,404.72,2024-07-21 01:33:00,refunded
2500,312,15,5,225.57,2024-07-28 01:50:00,pending
2501,127,161,9,244.47,2024-06-05 16:38:00,pending
2502,759,21,7,177.13,2024-10-21 08:00:00,completed
2503,5,107,8,277.51,2024-11-22 02:35:00,cancelled
2504,161,174,2,324.41,2024-07-06 02:55:00,completed
2505,150,59,5,106.82,2024-05-30 18:27:00,refunded
2506,831,32,4,249.38,2024-10-06 14:12:00,refunded
2507,906,109,7,125.49,2024-07-20 17:53:00,pending
2508,52,34,5,238.65,2024-12-25 19:18:00,refunded
2509,375,149,9,313.07,2024-06-11 12:05:00,cancelled
2510,548,81,10,398.72,2024-09-21 19:42:00,pending
2511,246,132,4,393.6,2024-02-02 23:53:00,completed
2512,330,17,7,468.48,2024-04-30 09:39:00,refunded
2513,593,14,2,451.35,2024-04-11 22:05:00,completed
2514,859,116,8,390.42,2024-07-14 15:23:00,pending
2515,331,123,6,118.06,2024-06-14 22:01:00,completed
2516,652,29,10,357.69,2024-11-24 06:57:00,completed
2517,488,149,1,445.94,2024-12-03 03:59:00,pending
2518,791,102,9,438.21,2024-01-01 19:12:00,refunded
2519,567,169,9,366.03,2024-09-28 17:32:00,completed
2520,536,127,8,214.83,2024-04-03 19:23:00,pending
2521,22,112,1,246.8,2024-07-12 06:29:00,refunded
2522,713,126,1,328.13,2024-11-12 15:14:00,completed
2523,546,192,3,181.5,2024-07-23 15:33:00,pending
2524,229,66,6,214.1,2024-10-18 21:33:00,refunded
2525,355,17,2,183.03,2024-10-12 00:59:00,completed
2526,138,176,9,445.03,2024-02-19 18:59:00,cancelled
2527,386,104,9,356.12,2024-07-29 05:11:00,pending
2528,878,99,3,334.37,2024-04-14 03:16:00,cancelled
2529,178,14,9,195.36,2024-03-07 03:06:00,refunded
2530,744,104,2,161.7,2024-12-05 05:58:00,completed
2531,998,69,7,168.84,2024-06-18 07:17:00,pending
2532,459,141,1,126.78,2024-01-06 08:56:00,cancelled
2533,251,87,3,404.25,2024-05-13 08:40:00,completed
2534,977,141,6,354.81,2024-05-30 00:54:00,pending
2535,943,175,4,94.36,2024-08-22 04:48:00,refunded
2536,681,192,4,459.01,2024-02-15 02:54:00,cancelled
2537,937,196,5,140.9,2024-03-04 05:20:00,refunded
2538,552,135,5,69.35,2024-10-27 12:57:00,completed
2539,185,139,2,141.6,2024-07-22 14:55:00,pending
2540,453,168,2,304.9,2024-10-20 22:22:00,cancelled
2541,406,74,1,490.57,2024-07-29 03:07:00,cancelled
2542,995,162,3,297.0,2024-04-18 19:12:00,cancelled
2543,847,80,3,341.53,2024-12-31 11:15:00,pending
2544,17,69,1,398.71,2024-01-23 02:37:00,pending
2545,447,171,2,58.39,2024-04-20 12:58:00,cancelled
2546,728,35,4,362.9,2024-04-20 06:37:00,refunded
2547,712,74,10,370.5,2024-06-19 18:31:00,refunded
2548,467,88,3,438.55,2024-07-05 15:30:00,cancelled
2549,37,15,2,486.06,2024-09-14 19:48:00,completed
2550,408,70,7,484.5,2024-09-04 21:31:00,completed
2551,149,188,1,220.8,2024-07-16 03:10:00,refunded
2552,375,158,10,441.39,2024-08-12 13:23:00,cancelled
2553,5,192,3,66.3,2024-02-27 08:44:00,cancelled
2554,953,130,3,453.92,2024-10-31 05:19:00,completed
2555,634,131,9,254.85,2024-02-25 00:03:00,cancelled
2556,83,104,10,309.92,2024-10-21 13:38:00,pending
2557,896,75,4,155.34,2024-01-19 00:53:00,pending
2558,687,91,8,279.05,2024-05-19 02:32:00,pending
2559,483,57,1,379.46,2024-02-04 20:15:00,cancelled
2560,748,129,10,36.18,2024-07-30 13:55:00,refunded
2561,670,109,10,258.27,2024-03-14 01:26:00,completed
2562,631,144,8,441.57,2024-07-16 13:05:00,completed
2563,172,192,3,336.63,2024-01-04 05:48:00,cancelled
2564,893,75,7,115.82,2024-01-21 02:05:00,refunded
2565,414,81,4,155.1,2024-12-24 14:17:00,cancelled
2566,996,28,4,265.93,2024-07-06 03:43:00,completed
2567,101,45,3,58.98,2024-09-15 20:33:00,refunded
2568,97,107,10,103.13,2024-10-26 07:16:00,pending
2569,634,85,4,479.85,2024-08-16 14:14:00,pending
2570,976,46,4,302.97,2024-02-06 01:06:00,completed
2571,725,127,1,194.89,2024-02-10 23:01:00,cancelled
2572,552,107,1,158.71,2024-07-26 01:00:00,cancelled
2573,726,108,3,476.71,2024-04-28 00:47:00,cancelled
2574,969,114,4,49.12,2024-09-28 10:37:00,completed
2575,63,61,3,493.32,2024-08-30 07:30:00,refunded
2576,624,28,9,33.71,2024-01-23 12:07:00,cancelled
2577,816,88,6,444.49,2024-03-30 08:20:00,completed
2578,334,95,3,455.65,2024-07-07 11:07:00,pending
2579,934,45,2,452.0,2024-10-23 11:58:00,refunded
2580,448,81,3,68.03,2024-02-02 07:50:00,completed
2581,720,70,5,65.75,2024-03-06 05:41:00,completed
2582,62,24,1,403.27,2024-03-09 13:27:00,cancelled
2583,807,178,1,84.78,2024-06-19 01:38:00,pending
2584,386,120,7,143.42,2024-10-03 00:07:00,refunded
2585,664,139,3,466.64,2024-09-01 20:53:00,completed
2586,587,55,3,213.65,2024-01-28 20:44:00,cancelled
2587,625,47,5,120.28,2024-06-30 13:36:00,refunded
2588,244,23,2,48.36,2024-05-31 19:46:00,completed
2589,743,21,8,294.6,2024-01-19 08:20:00,completed
2590,186,39,5,129.34,2024-08-14 17:49:00,refunded
2591,251,98,9,294.58,2024-10-09 08:31:00,cancelled
2592,142,138,7,298.77,2024-03-01 08:40:00,refunded
2593,754,28,1,301.47,2024-04-17 11:04:00,pending
2594,199,142,1,321.49,2024-03-30 00:02:00,cancelled
2595,442,106,7,93.82,2024-05-22 22:22:00,completed
2596,503,133,5,255.17,2024-12-30 03:20:00,cancelled
2597,710,95,10,166.33,2024-09-17 05:47:00,refunded
2598,945,7,9,457.24,2024-10-07 09:14:00,cancelled
2599,246,101,9,129.14,2024-07-19 10:27:00,pending
2600,410,55,3,311.22,2024-09-16 23:23:00,refunded
2601,713,77,5,392.97,2024-10-07 12:39:00,refunded
2602,349,84,8,131.9,2024-09-04 20:16:00,pending
2603,704,135,7,273.1,2024-05-15 07:01:00,completed
2604,262,173,10,421.18,2024-03-17 14:32:00,refunded
2605,739,88,1,436.36,2024-11-11 03:04:00,refunded
2606,975,107,3,447.01,2024-08-23 23:57:00,refunded
2607,987,192,10,387.63,2024-06-06 10:55:00,completed
2608,49,177,1,216.91,2024-08-11 03:40:00,completed
2609,84,152,3,376.95,2024-09-22 10:04:00,pending
2610,770,126,8,428.65,2024-03-25 00:23:00,completed
2611,577,125,7,145.41,2024-05-14 01:17:00,refunded
2612,750,17,10,38.87,2024-09-17 06:49:00,completed
2613,489,1,10,47.29,2024-06-08 11:40:00,pending
2614,220,74,10,172.91,2024-08-25 13:59:00,completed
2615,123,95,1,176.8,2024-10-02 04:56:00,pending
2616,72,168,5,118.27,2024-06-24 09:04:00,refunded
2617,92,97,6,125.31,2024-04-24 22:55:00,pending
2618,789,130,1,79.62,2024-03-27 02:18:00,cancelled
2619,175,192,9,133.54,2024-12-15 13:02:00,pending
2620,24,142,3,20.6,2024-09-01 15:35:00,pending
2621,865,47,1,312.02,2024-02-08 17:53:00,completed
2622,750,112,3,167.1,2024-05-25 06:38:00,refunded
2623,146,179,7,293.47,2024-12-19 07:39:00,refunded
2624,893,61,10,372.45,2024-07-07 20:28:00,completed
2625,476,78,3,356.2,2024-10-07 08:28:00,completed
2626,174,46,8,52.31,2024-07-28 11:00:00,cancelled
2627,183,78,9,436.06,2024-06-23 09:31:00,refunded
2628,117,47,3,110.35,2024-07-11 15:16:00,cancelled
2629,404,53,10,44.04,2024-05-16 20:21:00,cancelled
2630,248,93,8,402.06,2024-04-19 02:15:00,cancelled
2631,978,158,3,168.73,2024-09-13 13:30:00,pending
2632,69,48,6,101.47,2024-09-23 04:12:00,completed
2633,501,136,4,295.38,2024-08-06 05:59:00,completed
2634,303,134,10,180.66,2024-12-15 15:47:00,completed
2635,685,164,9,475.77,2024-11-26 17:17:00,pending
2636,694,122,4,285.6,2024-03-16 20:12:00,completed
2637,642,3,8,378.42,2024-08-31 21:18:00,pending
2638,98,5,5,415.57,2024-01-21 10:40:00,refunded
2639,634,85,6,127.81,2024-02-16 15:45:00,refunded
2640,609,35,4,197.5,2024-02-06 14:23:00,cancelled
2641,872,90,8,437.55,2024-09-03 20:54:00,completed
2642,229,22,5,204.43,2024-04-29 05:09:00,refunded
2643,561,54,1,27.27,2024-10-10 06:27:00,cancelled
2644,583,101,2,295.72,2024-02-26 06:33:00,completed
2645,132,47,3,357.25,2024-02-26 09:11:00,pending
2646,677,122,7,161.11,2024-01-09 21:49:00,refunded
2647,462,46,9,355.97,2024-01-28 04:34:00,refunded
2648,249,84,5,161.06,2024-09-04 21:15:00,pending
2649,230,137,10,441.55,2024-12-17 09:46:00,completed
2650,286,104,1,465.95,2024-01-03 06:26:00,refunded
2651,929,31,9,192.74,2024-04-02 15:40:00,refunded
2652,842,130,6,222.25,2024-06-20 12:09:00,completed
2653,17,48,7,303.76,2024-10-23 11:09:00,completed
2654,621,26,5,23.31,2024-03-06 23:53:00,completed
2655,729,17,4,453.0,2024-05-30 04:38:00,pending
2656,344,161,3,211.4,2024-04-23 04:27:00,pending
2657,552,66,1,188.51,2024-08-23 08:45:00,refunded
2658,405,3,7,172.53,2024-06-18 04:54:00,cancelled
2659,251,182,6,79.78,2024-12-18 01:33:00,pending
2660,328,141,10,184.0,2024-03-09 13:43:00,completed
2661,298,70,4,167.36,2024-01-14 15:22:00,completed
2662,448,187,2,164.31,2024-10-31 16:47:00,refunded
2663,600,129,3,303.94,2024-02-24 14:48:00,pending
2664,190,120,5,197.86,2024-11-30 06:04:00,refunded
2665,256,67,9,161.22,2024-02-20 13:01:00,completed
2666,801,40,4,138.03,2024-02-10 22:53:00,pending
2667,143,106,9,247.86,2024-03-06 09:58:00,refunded
2668,393,30,3,114.67,2024-01-08 06:27:00,pending
2669,800,89,8,410.5,2024-01-28 06:26:00,cancelled
2670,817,162,10,316.14,2024-01-05 17:09:00,completed
2671,895,80,1,480.66,2024-08-28 16:07:00,pending
2672,440,120,7,46.29,2024-06-28 22:28:00,refunded
2673,143,30,6,431.91,2024-12-31 11:44:00,completed
2674,264,44,5,102.87,2024-09-25 08:37:00,pending
2675,156,18,6,330.91,2024-10-14 15:22:00,refunded
2676,596,197,8,76.62,2024-06-30 20:10:00,pending
2677,745,187,4,63.43,2024-09-24 02:51:00,cancelled
2678,608,97,5,77.74,2024-01-23 21:56:00,refunded
2679,894,33,9,395.48,2024-12-30 18:13:00,pending
2680,761,121,6,365.12,2024-02-25 19:38:00,cancelled
2681,435,96,5,149.92,2024-12-01 07:32:00,cancelled
2682,913,117,2,122.34,2024-10-22 12:14:00,completed
2683,996,162,4,295.52,2024-07-05 11:11:00,refunded
2684,386,50,3,386.11,2024-04-28 02:14:00,cancelled
2685,840,62,4,32.34,2024-05-03 10:33:00,pending
2686,229,182,7,469.71,2024-08-02 05:25:00,completed
2687,606,48,7,155.34,2024-09-16 11:01:00,pending
2688,18,9,2,110.77,2024-04-29 17:20:00,completed
2689,890,7,7,241.82,2024-11-19 00:56:00,pending
2690,867,108,3,83.15,2024-05-23 08:51:00,pending
2691,460,25,6,499.07,2024-10-11 12:41:00,completed
2692,284,29,3,331.83,2024-01-26 03:03:00,cancelled
2693,135,166,4,236.61,2024-02-10 12:42:00,cancelled
2694,678,174,1,302.28,2024-04-15 04:39:00,completed
2695,395,157,9,314.46,2024-01-30 00:03:00,pending
2696,434,58,2,470.58,2024-06-08 21:49:00,pending
2697,209,112,10,284.04,2024-03-25 03:39:00,cancelled
2698,216,142,8,252.46,2024-10-27 20:34:00,completed
2699,514,157,4,311.58,2024-11-17 18:13:00,pending
2700,949,89,4,67.78,2024-10-31 12:44:00,refunded
2701,643,40,5,250.74,2024-01-21 15:12:00,refunded
2702,640,158,10,486.73,2024-04-07 03:11:00,completed
2703,87,178,5,335.27,2024-07-07 13:44:00,pending
2704,179,171,6,157.83,2024-07-19 02:16:00,cancelled
2705,152,121,3,46.03,2024-03-18 01:24:00,cancelled
2706,541,200,1,367.05,2024-03-05 03:16:00,completed
2707,899,73,5,408.04,2024-01-19 04:17:00,cancelled
2708,28,200,6,141.29,2024-10-22 18:42:00,refunded
2709,10,139,3,128.43,2024-09-22 17:36:00,cancelled
2710,190,3,5,244.88,2024-05-07 20:18:00,completed
2711,844,44,3,347.2,2024-12-17 04:06:00,cancelled
2712,228,184,1,342.07,2024-09-10 03:42:00,completed
2713,658,50,6,407.56,2024-03-01 10:08:00,cancelled
2714,484,60,3,248.04,2024-03-18 06:07:00,cancelled
2715,57,163,7,264.5,2024-04-03 17:41:00,cancelled
2716,648,92,8,167.05,2024-05-30 02:51:00,cancelled
2717,794,41,4,493.17,2024-07-06 20:59:00,pending
2718,848,62,9,195.54,2024-04-03 14:30:00,refunded
2719,771,82,9,41.21,2024-07-11 11:46:00,refunded
2720,695,133,10,288.39,2024-12-12 11:51:00,completed
2721,748,162,1,227.72,2024-10-18 05:23:00,completed
2722,888,65,8,332.4,2024-05-07 04:52:00,refunded
2723,420,175,7,282.35,2024-05-16 05:20:00,refunded
2724,22,96,2,288.39,2024-05-16 22:50:00,refunded
2725,640,153,4,56.8,2024-08-15 11:36:00,pending
2726,825,111,2,294.2,2024-06-14 15:24:00,pending
2727,908,61,9,441.19,2024-03-29 09:52:00,completed
2728,799,143,8,412.83,2024-10-23 05:38:00,refunded
2729,702,55,7,144.74,2024-10-05 19:26:00,refunded
2730,201,171,4,256.13,2024-12-03 03:33:00,cancelled
2731,74,168,10,489.86,2024-08-22 10:10:00,cancelled
2732,293,133,6,183.69,2024-09-22 17:43:00,refunded
2733,68,79,5,124.01,2024-04-02 16:07:00,pending
2734,470,101,1,57.86,2024-08-15 01:10:00,completed
2735,686,16,1,90.87,2024-08-06 04:17:00,pending
2736,252,116,3,469.01,2024-06-10 17:22:00,refunded
2737,707,74,3,244.33,2024-03-06 04:18:00,completed
2738,885,150,1,250.6,2024-12-08 07:05:00,pending
2739,255,19,3,226.85,2024-08-09 14:08:00,refunded
2740,399,101,7,202.26,2024-01-27 17:14:00,completed
2741,116,192,8,293.54,2024-10-10 16:57:00,refunded
2742,164,157,9,306.03,2024-09-22 09:44:00,cancelled
2743,240,134,9,197.43,2024-12-02 13:05:00,completed
2744,603,32,7,60.32,2024-12-06 00:33:00,pending
2745,223,82,10,396.87,2024-07-27 05:56:00,pending
2746,207,84,6,48.63,2024-04-03 13:51:00,cancelled
2747,561,83,2,400.05,2024-12-01 10:38:00,refunded
2748,94,112,3,92.58,2024-02-10 19:18:00,pending
2749,562,27,8,317.47,2024-01-07 23:26:00,cancelled
2750,606,50,1,443.58,2024-08-11 19:53:00,refunded
2751,264,156,6,91.87,2024-05-11 04:20:00,completed
2752,352,110,8,237.82,2024-01-17 11:21:00,completed
2753,647,193,1,135.65,2024-07-13 21:09:00,completed
2754,287,179,3,215.05,2024-10-23 14:21:00,refunded
2755,684,14,8,217.09,2024-07-09 18:14:00,completed
2756,670,172,4,214.85,2024-04-13 17:16:00,completed
2757,921,80,1,345.32,2024-02-29 18:44:00,refunded
2758,598,121,4,23.79,2024-08-10 05:07:00,completed
2759,953,166,9,287.21,2024-11-07 16:22:00,refunded
2760,453,83,3,318.54,2024-12-17 23:50:00,cancelled
2761,360,196,1,216.6,2024-11-16 03:21:00,completed
2762,840,30,1,352.67,2024-07-09 20:58:00,refunded
2763,84,163,1,409.61,2024-12-22 06:35:00,refunded
2764,705,2,1,172.13,2024-09-19 09:48:00,completed
2765,802,75,4,198.16,2024-08-09 18:41:00,cancelled
2766,698,48,10,55.34,2024-08-19 11:52:00,refunded
2767,900,69,1,73.89,2024-12-07 07:33:00,pending
2768,345,36,2,372.21,2024-05-30 14:13:00,completed
2769,162,83,2,388.51,2024-07-16 10:36:00,cancelled
2770,247,143,1,172.69,2024-03-28 15:47:00,refunded
2771,792,67,9,299.36,2024-08-08 13:04:00,completed
2772,543,101,1,267.38,2024-03-03 22:12:00,completed
2773,698,96,1,493.88,2024-02-22 23:30:00,completed
2774,350,133,10,339.62,2024-07-16 03:53:00,cancelled
2775,575,152,3,273.23,2024-06-17 23:57:00,refunded
2776,589,149,9,64.82,2024-11-16 22:32:00,cancelled
2777,450,54,3,187.45,2024-08-01 11:47:00,refunded
2778,155,52,2,27.65,2024-12-22 00:56:00,cancelled
2779,357,63,1,454.42,2024-05-19 22:59:00,pending
2780,22,87,4,326.56,2024-09-15 15:03:00,completed
2781,985,123,9,167.14,2024-10-11 14:10:00,cancelled
2782,811,24,9,452.17,2024-09-24 20:18:00,pending
2783,792,115,8,358.57,2024-01-22 03:00:00,completed
2784,912,111,9,190.34,2024-08-11 14:46:00,completed
2785,392,141,2,213.41,2024-12-26 12:17:00,refunded
2786,468,183,6,108.46,2024-11-18 21:22:00,completed
2787,729,93,2,497.41,2024-12-03 08:02:00,completed
2788,78,50,5,263.19,2024-07-02 13:02:00,completed
2789,231,130,2,174.31,2024-03-25 01:59:00,refunded
2790,146,70,8,330.29,2024-12-08 02:33:00,cancelled
2791,137,152,9,161.41,2024-08-14 06:09:00,pending
2792,888,158,10,372.38,2024-10-02 10:47:00,cancelled
2793,699,70,3,391.38,2024-07-22 10:56:00,pending
2794,778,6,7,163.9,2024-10-12 20:03:00,refunded
2795,226,134,6,154.7,2024-11-23 23:38:00,refunded
2796,462,189,5,128.49,2024-01-29 11:49:00,pending
2797,838,70,1,166.74,2024-11-17 07:32:00,pending
2798,950,190,2,385.64,2024-01-08 11:43:00,refunded
2799,721,116,7,432.96,2024-04-23 08:26:00,cancelled
2800,761,119,3,297.71,2024-06-18 00:49:00,cancelled
2801,985,38,5,352.75,2024-04-13 04:18:00,cancelled
2802,17,121,3,262.46,2024-12-29 00:54:00,completed
2803,594,158,10,247.45,2024-04-15 00:30:00,pending
2804,17,116,6,455.98,2024-01-06 22:14:00,pending
2805,906,40,6,451.5,2024-01-23 17:32:00,cancelled
2806,244,131,6,362.07,2024-12-16 10:41:00,cancelled
2807,108,7,4,279.65,2024-05-20 23:40:00,cancelled
2808,246,159,9,394.55,2024-04-04 07:55:00,refunded
2809,317,36,8,266.48,2024-11-21 09:48:00,completed
2810,952,128,1,481.33,2024-09-22 19:33:00,pending
2811,401,118,10,471.86,2024-04-20 15:59:00,cancelled
2812,320,191,8,497.96,2024-11-24 13:48:00,refunded
2813,299,19,10,423.22,2024-05-01 16:37:00,refunded
2814,937,77,2,67.16,2024-06-17 20:26:00,cancelled
2815,233,1,6,298.83,2024-01-26 16:39:00,cancelled
2816,619,7,5,77.96,2024-09-08 20:45:00,cancelled
2817,11,176,3,195.55,2024-04-06 22:42:00,refunded
2818,720,73,3,357.04,2024-07-22 10:18:00,completed
2819,86,97,1,210.45,2024-09-07 14:16:00,pending
2820,337,66,6,356.32,2024-07-30 23:03:00,refunded
2821,693,14,9,89.24,2024-02-11 21:05:00,pending
2822,871,136,4,289.32,2024-11-24 01:35:00,refunded
2823,233,128,3,303.28,2024-05-16 06:39:00,refunded
2824,227,154,9,287.2,2024-12-28 18:03:00,pending
2825,592,139,4,211.06,2024-02-13 13:49:00,completed
2826,915,26,8,139.85,2024-11-16 20:15:00,cancelled
2827,344,122,2,123.76,2024-06-30 16:31:00,refunded
2828,574,61,6,368.94,2024-06-29 03:16:00,completed
2829,230,111,9,447.15,2024-07-21 00:03:00,cancelled
2830,860,29,8,62.5,2024-03-12 10:12:00,pending
2831,997,131,6,459.67,2024-01-10 00:39:00,refunded
2832,958,135,5,272.12,2024-07-03 22:40:00,refunded
2833,194,87,5,87.78,2024-09-20 20:18:00,refunded
2834,709,116,10,214.22,2024-01-21 07:41:00,completed
2835,137,192,7,144.18,2024-05-16 09:39:00,completed
2836,833,88,4,406.57,2024-10-22 23:04:00,pending
2837,681,39,3,410.74,2024-10-18 11:46:00,refunded
2838,434,70,5,471.13,2024-12-30 08:00:00,completed
2839,370,94,3,45.53,2024-02-29 14:29:00,refunded
2840,41,42,5,460.82,2024-05-30 19:22:00,completed
2841,844,30,7,361.22,2024-01-11 06:20:00,pending
2842,629,100,7,435.36,2024-05-19 08:39:00,completed
2843,14,75,1,403.84,2024-12-20 04:20:00,refunded
2844,121,43,5,203.44,2024-04-24 23:03:00,completed
2845,179,167,8,69.97,2024-06-11 16:47:00,pending
2846,541,9,3,239.28,2024-12-26 02:12:00,completed
2847,73,178,10,49.15,2024-06-15 11:07:00,completed
2848,518,24,5,325.84,2024-04-02 21:26:00,refunded
2849,316,29,9,99.89,2024-12-05 08:00:00,cancelled
2850,668,189,5,351.49,2024-01-14 17:38:00,cancelled
2851,806,133,3,437.65,2024-04-13 17:42:00,refunded
2852,547,13,3,316.48,2024-08-16 11:20:00,refunded
2853,628,135,1,310.0,2024-11-15 17:40:00,cancelled
2854,228,44,10,97.29,2024-07-22 17:53:00,refunded
2855,652,199,1,30.52,2024-02-01 12:43:00,pending
2856,397,176,1,63.67,2024-07-26 13:49:00,completed
2857,307,168,2,388.45,2024-05-21 06:01:00,completed
2858,342,155,5,153.61,2024-08-04 14:12:00,refunded
2859,616,84,4,35.04,2024-09-21 15:20:00,completed
2860,890,65,2,415.35,2024-01-21 04:30:00,pending
2861,828,162,1,227.69,2024-10-06 14:41:00,completed
2862,64,144,2,155.51,2024-04-08 12:10:00,completed
2863,253,167,7,162.61,2024-02-18 17:18:00,pending
2864,895,82,1,471.9,2024-09-18 02:28:00,pending
2865,873,35,10,20.05,2024-08-22 08:21:00,pending
2866,692,22,8,403.03,2024-06-11 16:18:00,cancelled
2867,54,188,1,316.29,2024-10-13 23:56:00,completed
2868,784,21,7,129.43,2024-10-28 03:05:00,pending
2869,59,167,8,81.39,2024-08-02 12:06:00,cancelled
2870,397,36,1,82.4,2024-09-04 07:41:00,cancelled
2871,477,29,5,240.02,2024-05-21 22:48:00,refunded
2872,952,178,4,165.21,2024-09-09 09:11:00,completed
2873,936,94,1,410.55,2024-04-05 02:37:00,completed
2874,963,148,3,127.75,2024-11-04 02:18:00,pending
2875,801,80,5,189.01,2024-04-10 03:22:00,pending
2876,590,109,2,448.05,2024-01-01 21:36:00,cancelled
2877,607,63,10,220.26,2024-08-13 01:30:00,cancelled
2878,70,49,4,349.07,2024-02-25 20:47:00,pending
2879,669,64,6,412.04,2024-01-23 04:40:00,refunded
2880,899,144,1,173.01,2024-01-21 04:41:00,completed
2881,901,28,9,278.38,2024-04-21 09:38:00,completed
2882,208,193,1,289.51,2024-04-01 11:02:00,refunded
2883,291,191,6,408.77,2024-11-09 22:25:00,refunded
2884,419,122,5,465.78,2024-02-12 17:14:00,refunded
2885,573,146,3,33.94,2024-01-10 07:54:00,refunded
2886,756,172,4,243.36,2024-09-18 13:11:00,cancelled
2887,41,138,4,309.2,2024-10-07 18:35:00,refunded
2888,391,65,6,347.21,2024-03-01 17:39:00,refunded
2889,643,38,8,156.9,2024-11-08 19:48:00,completed
2890,819,113,5,116.26,2024-04-28 05:34:00,cancelled
2891,29,108,2,453.07,2024-05-11 01:52:00,refunded
2892,394,152,6,465.95,2024-01-29 14:32:00,completed
2893,356,12,2,183.93,2024-03-12 13:54:00,pending
2894,406,26,9,141.55,2024-12-06 20:38:00,cancelled
2895,67,120,2,102.7,2024-04-16 02:43:00,completed
2896,149,120,4,207.74,2024-04-20 05:50:00,pending
2897,115,7,5,472.87,2024-05-12 03:58:00,refunded
2898,689,97,3,341.01,2024-10-28 03:03:00,completed
2899,933,160,9,75.15,2024-11-22 01:43:00,completed
2900,505,165,9,439.45,2024-03-31 04:54:00,completed
2901,862,14,2,407.99,2024-06-25 18:44:00,completed
2902,319,177,6,491.41,2024-02-19 13:14:00,completed
2903,484,85,2,241.71,2024-04-18 22:16:00,refunded
2904,143,59,5,21.78,2024-06-21 06:47:00,cancelled
2905,423,51,8,76.24,2024-06-01 05:40:00,pending
2906,497,120,4,335.44,2024-02-26 00:23:00,refunded
2907,185,16,10,64.19,2024-07-08 17:44:00,refunded
2908,217,176,10,294.75,2024-11-03 03:04:00,cancelled
2909,312,32,1,262.55,2024-11-08 17:14:00,cancelled
2910,870,154,6,422.71,2024-03-03 01:57:00,refunded
2911,40,163,4,456.25,2024-04-26 01:47:00,pending
2912,445,61,8,485.11,2024-12-16 11:09:00,cancelled
2913,553,98,10,307.94,2024-08-19 00:12:00,completed
2914,560,59,10,455.14,2024-05-09 08:46:00,refunded
2915,941,155,10,298.7,2024-02-05 17:40:00,completed
2916,735,197,2,328.13,2024-05-20 09:49:00,refunded
2917,451,189,6,190.4,2024-01-30 22:19:00,pending
2918,509,157,6,495.47,2024-04-17 16:45:00,pending
2919,153,134,8,269.74,2024-01-04 15:57:00,pending
2920,493,177,3,268.18,2024-06-30 11:57:00,refunded
2921,794,105,9,270.94,2024-05-19 23:49:00,refunded
2922,898,189,8,82.39,2024-01-19 10:48:00,refunded
2923,347,87,7,199.02,2024-11-18 20:23:00,cancelled
2924,944,17,9,425.69,2024-12-08 20:20:00,refunded
2925,656,67,5,356.87,2024-10-12 12:53:00,pending
2926,204,164,2,446.45,2024-06-04 08:20:00,cancelled
2927,562,56,9,388.43,2024-03-14 12:18:00,cancelled
2928,428,105,2,47.5,2024-07-19 11:01:00,completed
2929,399,65,7,332.45,2024-08-31 05:48:00,refunded
2930,563,111,3,334.1,2024-12-27 06:05:00,completed
2931,610,48,9,476.99,2024-12-08 07:56:00,cancelled
2932,707,146,3,98.6,2024-05-19 03:39:00,completed
2933,498,98,7,407.22,2024-02-20 20:27:00,completed
2934,725,183,2,263.37,2024-03-18 17:32:00,refunded
2935,57,179,4,78.71,2024-06-01 08:34:00,pending
2936,456,147,7,54.92,2024-04-22 11:55:00,completed
2937,214,15,3,70.88,2024-09-07 10:14:00,cancelled
2938,845,89,5,266.9,2024-12-22 02:19:00,pending
2939,747,80,4,183.19,2024-10-10 00:33:00,pending
2940,307,184,5,388.21,2024-02-20 01:10:00,pending
2941,663,88,2,213.58,2024-07-24 04:14:00,pending
2942,129,47,10,449.66,2024-11-23 07:13:00,completed
2943,105,20,2,492.93,2024-03-13 19:53:00,cancelled
2944,551,151,8,437.85,2024-07-28 02:37:00,completed
2945,924,11,4,130.19,2024-05-04 00:00:00,completed
2946,17,150,10,278.17,2024-03-08 01:28:00,cancelled
2947,745,43,6,62.48,2024-11-09 00:24:00,refunded
2948,776,102,10,199.9,2024-05-30 14:13:00,refunded
2949,523,122,4,290.84,2024-11-05 23:20:00,completed
2950,629,32,3,147.16,2024-12-31 16:02:00,cancelled
2951,696,48,10,83.16,2024-01-12 23:34:00,refunded
2952,904,82,6,207.83,2024-12-15 03:47:00,completed
2953,210,138,5,248.1,2024-08-31 08:19:00,pending
2954,112,71,5,76.02,2024-02-06 23:05:00,pending
2955,407,3,1,309.67,2024-08-26 01:49:00,completed
2956,944,76,6,41.49,2024-08-26 05:46:00,refunded
2957,943,127,6,113.05,2024-05-03 00:45:00,refunded
2958,620,107,5,110.33,2024-10-04 19:18:00,refunded
2959,518,15,7,444.24,2024-07-25 12:27:00,completed
2960,139,130,4,201.8,2024-03-21 19:32:00,cancelled
2961,906,169,3,91.49,2024-02-07 18:53:00,cancelled
2962,899,64,2,395.23,2024-10-31 14:32:00,cancelled
2963,876,189,9,234.27,2024-09-22 06:22:00,refunded
2964,802,7,3,371.48,2024-09-18 20:49:00,cancelled
2965,205,113,8,49.73,2024-05-20 06:17:00,completed
2966,738,64,1,359.18,2024-11-20 02:30:00,cancelled
2967,511,85,1,396.84,2024-08-09 10:03:00,refunded
2968,591,72,7,292.68,2024-05-05 13:01:00,refunded
2969,969,108,3,31.96,2024-03-25 19:05:00,refunded
2970,791,13,7,325.66,2024-11-04 06:01:00,cancelled
2971,607,4,9,168.44,2024-06-27 21:07:00,cancelled
2972,761,191,7,95.48,2024-03-20 14:04:00,completed
2973,381,125,2,45.89,2024-11-04 16:04:00,cancelled
2974,251,149,1,453.36,2024-01-31 18:49:00,refunded
2975,993,118,9,83.76,2024-09-20 08:50:00,completed
2976,732,181,5,62.87,2024-05-15 13:20:00,cancelled
2977,309,66,5,257.27,2024-03-10 09:40:00,refunded
2978,137,16,8,189.01,2024-09-27 17:08:00,pending
2979,697,163,7,36.23,2024-08-06 11:08:00,pending
2980,651,121,1,205.29,2024-04-12 08:13:00,refunded
2981,944,112,8,417.17,2024-01-30 09:02:00,cancelled
2982,30,133,8,89.12,2024-07-16 07:08:00,refunded
2983,338,90,10,239.39,2024-06-27 23:43:00,cancelled
2984,421,195,9,211.11,2024-03-15 18:23:00,pending
2985,416,98,10,399.91,2024-07-15 18:58:00,completed
2986,515,70,9,326.41,2024-02-13 00:12:00,pending
2987,24,67,10,140.93,2024-07-07 05:18:00,completed
2988,986,194,7,366.64,2024-12-07 03:23:00,refunded
2989,468,153,3,79.57,2024-05-25 09:29:00,refunded
2990,230,177,9,99.51,2024-11-13 22:45:00,refunded
2991,935,39,7,323.54,2024-10-21 10:52:00,completed
2992,368,81,8,313.53,2024-09-23 02:44:00,cancelled
2993,832,87,5,364.33,2024-10-04 10:44:00,refunded
2994,847,148,4,421.07,2024-01-04 03:10:00,pending
2995,176,60,4,280.56,2024-01-11 16:13:00,pending
2996,406,64,4,376.76,2024-09-20 18:10:00,cancelled
2997,462,65,10,205.68,2024-02-20 02:26:00,completed
2998,325,137,9,416.87,2024-04-09 08:31:00,completed
2999,985,129,10,22.81,2024-01-08 03:54:00,pending
3000,398,98,9,140.52,2024-07-23 11:16:00,pending
3001,362,146,6,211.49,2024-03-02 16:15:00,pending
3002,903,82,3,274.53,2024-12-10 20:43:00,cancelled
3003,181,79,6,290.5,2024-09-20 08:08:00,cancelled
3004,637,105,9,256.94,2024-11-09 21:43:00,cancelled
3005,923,140,9,156.33,2024-04-18 20:26:00,completed
3006,965,16,1,70.62,2024-04-19 03:30:00,cancelled
3007,870,2,5,196.6,2024-12-05 13:41:00,pending
3008,776,33,10,176.69,2024-02-15 18:30:00,refunded
3009,695,46,7,140.16,2024-04-21 00:07:00,refunded
3010,721,4,3,129.61,2024-06-05 20:04:00,completed
3011,553,171,6,496.64,2024-02-18 03:58:00,completed
3012,954,157,3,209.12,2024-01-24 19:18:00,pending
3013,8,114,6,496.02,2024-12-09 19:32:00,completed
3014,384,109,6,104.86,2024-10-20 19:00:00,cancelled
3015,249,71,9,390.31,2024-12-07 10:26:00,completed
3016,666,100,1,315.83,2024-08-30 19:57:00,refunded
3017,951,93,4,229.26,2024-10-07 10:32:00,refunded
3018,40,52,2,389.15,2024-07-29 08:53:00,refunded
3019,819,18,6,211.05,2024-12-17 19:03:00,pending
3020,200,182,4,378.91,2024-09-12 19:24:00,pending
3021,407,187,10,383.19,2024-03-01 17:19:00,cancelled
3022,122,128,6,344.64,2024-01-27 08:11:00,cancelled
3023,10,171,4,281.59,2024-11-27 03:52:00,completed
3024,833,96,2,234.48,2024-02-17 13:45:00,pending
3025,17,177,4,349.17,2024-04-17 06:17:00,cancelled
3026,914,158,2,270.12,2024-12-04 01:07:00,pending
3027,276,87,4,31.59,2024-08-08 12:15:00,pending
3028,642,145,6,277.81,2024-04-20 03:14:00,refunded
3029,446,108,3,466.12,2024-11-02 06:14:00,cancelled
3030,962,35,2,468.8,2024-08-31 06:25:00,pending
3031,648,176,5,499.95,2024-02-08 15:36:00,pending
3032,955,172,9,406.76,2024-10-06 09:16:00,cancelled
3033,21,162,6,99.92,2024-11-23 17:37:00,completed
3034,846,122,8,36.98,2024-11-05 16:51:00,cancelled
3035,751,68,6,250.38,2024-04-13 11:34:00,completed
3036,341,33,2,387.86,2024-09-07 09:41:00,pending
3037,112,56,8,342.86,2024-05-17 16:21:00,completed
3038,3,60,5,301.03,2024-04-12 03:54:00,refunded
3039,964,77,4,93.54,2024-03-12 08:48:00,refunded
3040,24,169,2,205.09,2024-02-02 15:55:00,cancelled
3041,100,32,10,86.99,2024-07-10 19:48:00,completed
3042,921,40,3,458.77,2024-02-24 21:26:00,cancelled
3043,578,140,7,341.29,2024-05-29 17:54:00,cancelled
3044,736,177,3,362.18,2024-11-23 21:39:00,pending
3045,638,62,2,264.2,2024-08-25 20:01:00,cancelled
3046,350,74,10,246.76,2024-05-25 13:44:00,pending
3047,4,61,8,180.36,2024-06-04 23:01:00,pending
3048,48,164,4,210.89,2024-01-28 03:49:00,refunded
3049,640,121,2,209.35,2024-05-21 18:05:00,refunded
3050,824,6,5,51.58,2024-04-12 07:31:00,cancelled
3051,816,62,6,328.87,2024-01-26 18:40:00,refunded
3052,572,119,8,157.44,2024-05-17 14:59:00,completed
3053,764,88,3,437.56,2024-03-25 12:08:00,refunded
3054,481,48,7,335.75,2024-02-26 12:52:00,pending
3055,174,101,6,433.28,2024-04-30 02:21:00,refunded
3056,405,157,5,177.31,2024-08-27 14:49:00,refunded
3057,278,107,3,301.85,2024-08-03 02:22:00,cancelled
3058,893,132,6,188.25,2024-08-24 09:55:00,pending
3059,429,96,9,126.48,2024-04-23 11:20:00,pending
3060,147,123,7,20.44,2024-11-24 03:14:00,cancelled
3061,461,92,7,247.38,2024-07-14 08:50:00,cancelled
3062,105,59,1,217.68,2024-11-02 07:40:00,refunded
3063,428,153,2,495.79,2024-01-09 03:53:00,cancelled
3064,925,17,10,83.71,2024-07-15 19:43:00,pending
3065,467,98,5,269.74,2024-05-24 23:23:00,pending
3066,360,165,7,163.64,2024-03-12 18:47:00,pending
3067,820,156,2,112.2,2024-11-17 13:28:00,completed
3068,134,27,2,335.12,2024-11-27 05:19:00,cancelled
3069,869,49,7,58.88,2024-11-20 07:18:00,cancelled
3070,10,160,1,168.55,2024-12-01 15:55:00,completed
3071,370,68,9,27.98,2024-01-17 02:19:00,completed
3072,588,98,2,212.33,2024-11-09 05:28:00,refunded
3073,251,142,1,171.29,2024-10-20 03:03:00,pending
3074,945,156,8,122.25,2024-03-24 23:24:00,pending
3075,782,60,5,358.18,2024-11-11 15:50:00,cancelled
3076,749,61,6,433.71,2024-06-08 21:54:00,completed
3077,859,33,3,305.38,2024-03-16 16:39:00,pending
3078,896,124,6,457.37,2024-01-12 12:25:00,refunded
3079,342,101,5,215.66,2024-10-17 01:17:00,pending
3080,857,102,9,496.62,2024-07-29 07:53:00,refunded
3081,270,23,7,473.45,2024-11-19 13:18:00,completed
3082,81,97,2,26.15,2024-04-16 01:16:00,refunded
3083,379,56,6,128.22,2024-05-19 23:39:00,pending
3084,863,160,1,481.68,2024-08-27 19:27:00,pending
3085,510,129,9,438.27,2024-11-29 19:31:00,refunded
3086,749,72,6,183.01,2024-08-21 20:52:00,cancelled
3087,162,135,6,419.51,2024-02-18 10:28:00,cancelled
3088,241,27,2,288.5,2024-07-16 01:26:00,refunded
3089,594,31,2,227.92,2024-09-06 21:00:00,completed
3090,508,118,1,434.35,2024-01-10 23:59:00,refunded
3091,267,39,9,146.11,2024-02-16 05:43:00,cancelled
3092,190,198,1,273.33,2024-10-08 00:01:00,refunded
3093,258,200,4,449.28,2024-03-14 09:12:00,cancelled
3094,815,39,1,270.04,2024-02-05 17:52:00,completed
3095,475,87,7,396.87,2024-02-12 01:00:00,completed
3096,290,31,2,356.86,2024-11-09 16:10:00,pending
3097,153,45,6,373.26,2024-11-24 11:44:00,refunded
3098,666,84,5,192.2,2024-04-20 06:19:00,refunded
3099,334,124,8,338.99,2024-04-22 12:21:00,pending
3100,554,79,2,467.05,2024-11-09 23:18:00,pending
3101,603,133,1,94.01,2024-08-17 00:11:00,completed
3102,99,31,6,462.64,2024-10-14 03:41:00,refunded
3103,640,90,8,164.62,2024-07-27 05:42:00,pending
3104,879,54,9,250.79,2024-04-29 12:21:00,pending
3105,596,46,8,325.29,2024-10-17 23:21:00,refunded
3106,725,79,1,447.27,2024-08-05 14:44:00,completed
3107,324,111,4,88.26,2024-11-15 18:54:00,refunded
3108,630,163,8,217.89,2024-09-01 02:17:00,refunded
3109,912,14,2,99.3,2024-12-28 21:55:00,completed
3110,904,164,4,333.12,2024-12-16 13:32:00,pending
3111,504,97,2,263.42,2024-07-09 14:17:00,refunded
3112,773,59,2,99.33,2024-10-22 09:21:00,cancelled
3113,317,155,10,306.15,2024-03-24 16:34:00,cancelled
3114,439,132,5,178.87,2024-11-23 05:20:00,cancelled
3115,334,28,3,177.91,2024-01-25 17:49:00,cancelled
3116,92,161,8,66.26,2024-04-23 06:40:00,pending
3117,589,135,2,385.45,2024-07-22 14:33:00,cancelled
3118,546,2,1,359.5,2024-01-22 21:36:00,pending
3119,304,135,1,420.84,2024-03-20 05:54:00,pending
3120,434,85,4,200.58,2024-08-26 06:23:00,refunded
3121,698,90,7,368.14,2024-06-25 17:29:00,completed
3122,844,70,7,443.8,2024-10-24 15:28:00,cancelled
3123,384,45,7,150.92,2024-03-15 19:32:00,pending
3124,388,9,1,417.38,2024-11-11 16:28:00,completed
3125,217,199,7,26.63,2024-03-18 10:26:00,completed
3126,935,101,4,346.06,2024-10-25 06:51:00,refunded
3127,762,1,3,207.41,2024-12-08 22:30:00,cancelled
3128,113,157,9,306.77,2024-06-04 13:34:00,refunded
3129,806,161,8,244.08,2024-12-04 12:15:00,refunded
3130,406,156,10,468.77,2024-10-23 22:32:00,pending
3131,31,183,9,65.91,2024-05-21 20:02:00,pending
3132,813,64,9,312.92,2024-07-04 10:13:00,completed
3133,209,157,2,477.27,2024-09-06 05:32:00,refunded
3134,190,161,6,92.39,2024-07-09 16:13:00,cancelled
3135,659,102,10,416.69,2024-10-17 07:42:00,cancelled
3136,575,14,5,491.93,2024-02-07 06:19:00,cancelled
3137,678,15,6,52.12,2024-01-01 07:44:00,pending
3138,568,181,7,71.79,2024-07-22 01:30:00,completed
3139,524,125,1,228.97,2024-12-07 06:41:00,cancelled
3140,604,141,7,455.35,2024-09-06 14:05:00,completed
3141,923,147,10,441.9,2024-06-24 01:24:00,pending
3142,265,191,6,417.88,2024-02-07 07:41:00,pending
3143,688,67,6,109.71,2024-09-27 01:49:00,completed
3144,548,148,10,351.73,2024-07-15 08:38:00,refunded
3145,983,197,10,373.03,2024-01-23 01:48:00,pending
3146,587,195,2,198.19,2024-04-03 16:33:00,refunded
3147,496,55,6,207.79,2024-11-17 00:31:00,completed
3148,572,87,3,75.63,2024-04-11 06:34:00,refunded
3149,849,197,5,305.05,2024-04-26 22:03:00,completed
3150,981,2,3,300.21,2024-05-24 01:18:00,cancelled
3151,627,103,8,22.48,2024-09-09 19:19:00,pending
3152,311,26,6,357.03,2024-02-15 13:07:00,completed
3153,108,125,1,131.14,2024-03-19 07:26:00,completed
3154,711,117,10,499.59,2024-07-09 05:34:00,refunded
3155,895,47,1,410.04,2024-11-15 06:48:00,refunded
3156,936,53,2,344.6,2024-11-09 06:14:00,refunded
3157,506,131,7,238.64,2024-12-07 10:31:00,cancelled
3158,130,35,2,375.24,2024-06-12 23:28:00,pending
3159,441,9,6,476.85,2024-05-10 09:23:00,cancelled
3160,784,117,4,249.69,2024-10-03 05:22:00,refunded
3161,232,90,7,426.54,2024-11-29 20:29:00,cancelled
3162,709,19,5,387.74,2024-05-17 05:14:00,refunded
3163,723,29,5,479.54,2024-09-10 14:11:00,cancelled
3164,365,62,4,313.58,2024-01-16 08:59:00,completed
3165,137,77,2,103.33,2024-04-30 18:13:00,cancelled
3166,532,144,7,26.92,2024-05-23 10:13:00,refunded
3167,565,199,3,438.27,2024-01-09 07:39:00,cancelled
3168,141,111,4,397.42,2024-11-20 11:06:00,completed
3169,898,87,1,218.11,2024-10-22 08:24:00,refunded
3170,932,116,1,335.01,2024-10-02 15:33:00,refunded
3171,515,152,4,68.19,2024-08-25 22:07:00,pending
3172,11,108,1,342.01,2024-05-03 19:22:00,completed
3173,696,181,1,290.21,2024-01-15 07:43:00,refunded
3174,702,143,5,250.67,2024-12-13 16:23:00,cancelled
3175,543,29,6,187.42,2024-05-17 06:12:00,cancelled
3176,165,4,3,99.75,2024-08-05 12:22:00,pending
3177,882,63,1,436.45,2024-09-21 20:46:00,cancelled
3178,220,48,9,252.51,2024-02-06 19:45:00,pending
3179,100,16,3,49.29,2024-05-06 05:47:00,refunded
3180,320,36,4,276.25,2024-01-01 19:24:00,completed
3181,198,42,6,121.17,2024-08-09 14:56:00,completed
3182,679,67,1,318.41,2024-11-27 05:06:00,pending
3183,894,1,10,461.03,2024-08-05 05:20:00,refunded
3184,733,26,7,403.98,2024-12-13 13:35:00,cancelled
3185,40,125,9,159.04,2024-06-23 14:34:00,refunded
3186,679,57,9,238.16,2024-09-30 08:13:00,completed
3187,989,174,9,339.59,2024-06-01 14:21:00,refunded
3188,156,42,9,67.26,2024-10-13 11:00:00,cancelled
3189,358,144,4,83.07,2024-10-07 01:32:00,cancelled
3190,153,22,2,479.0,2024-12-01 13:04:00,cancelled
3191,41,82,2,431.6,2024-01-20 10:42:00,refunded
3192,12,157,5,29.75,2024-08-26 04:26:00,completed
3193,669,177,10,493.87,2024-11-30 22:20:00,pending
3194,130,161,7,321.28,2024-03-15 16:57:00,completed
3195,795,83,4,193.63,2024-12-15 23:16:00,completed
3196,978,195,9,441.58,2024-07-21 22:05:00,cancelled
3197,589,179,7,22.61,2024-06-15 18:25:00,pending
3198,773,79,8,293.29,2024-06-13 09:14:00,pending
3199,708,54,7,249.75,2024-10-21 03:47:00,completed
3200,869,17,9,70.05,2024-01-11 11:05:00,refunded
3201,530,37,5,165.08,2024-01-02 13:23:00,cancelled
3202,639,67,5,21.82,2024-08-01 20:33:00,completed
3203,32,163,5,321.63,2024-10-03 12:59:00,completed
3204,297,105,2,280.46,2024-11-18 14:15:00,refunded
3205,166,126,3,233.68,2024-09-24 20:08:00,refunded
3206,687,65,2,212.22,2024-03-26 12:21:00,cancelled
3207,425,3,10,444.88,2024-07-01 21:51:00,completed
3208,588,180,2,144.02,2024-10-16 19:51:00,cancelled
3209,712,2,8,172.87,2024-12-05 22:48:00,refunded
3210,561,159,1,425.5,2024-11-07 06:13:00,refunded
3211,47,74,7,476.56,2024-02-24 04:39:00,cancelled
3212,556,2,3,404.11,2024-11-27 19:54:00,completed
3213,490,77,3,408.6,2024-05-06 03:56:00,completed
3214,557,63,2,94.22,2024-07-01 05:15:00,completed
3215,178,115,8,499.25,2024-01-05 21:01:00,refunded
3216,907,141,9,413.71,2024-06-21 02:27:00,cancelled
3217,324,26,10,117.12,2024-07-29 20:22:00,pending
3218,243,73,5,465.19,2024-03-14 06:59:00,pending
3219,268,18,3,32.52,2024-05-31 07:04:00,refunded
3220,387,30,7,480.11,2024-10-18 08:24:00,refunded
3221,508,150,1,245.47,2024-06-22 23:29:00,cancelled
3222,673,96,4,425.02,2024-05-29 19:39:00,refunded
3223,1,136,3,107.02,2024-12-30 16:04:00,completed
3224,601,120,1,22.64,2024-08-02 09:43:00,cancelled
3225,600,184,1,467.45,2024-09-17 09:52:00,refunded
3226,978,58,4,255.63,2024-07-21 05:17:00,completed
3227,455,108,10,41.72,2024-04-22 22:51:00,refunded
3228,903,13,1,460.29,2024-03-01 09:56:00,refunded
3229,677,106,3,348.29,2024-04-12 10:27:00,refunded
3230,517,179,10,140.32,2024-01-08 07:16:00,completed
3231,767,60,2,82.94,2024-02-08 02:57:00,completed
3232,338,68,6,213.34,2024-05-20 13:11:00,cancelled
3233,666,11,5,482.9,2024-06-29 18:51:00,pending
3234,38,96,3,352.38,2024-06-19 08:06:00,cancelled
3235,773,21,6,389.29,2024-03-17 16:01:00,pending
3236,446,52,10,283.49,2024-12-11 19:17:00,refunded
3237,73,10,5,280.98,2024-11-09 06:00:00,refunded
3238,393,12,3,303.6,2024-06-22 21:48:00,cancelled
3239,69,90,9,398.88,2024-06-12 06:17:00,cancelled
3240,256,119,4,183.66,2024-02-01 20:01:00,pending
3241,121,48,10,295.62,2024-10-30 09:26:00,cancelled
3242,667,60,9,65.29,2024-08-20 09:33:00,completed
3243,155,145,2,47.3,2024-01-09 08:06:00,completed
3244,963,96,2,212.66,2024-02-15 09:20:00,refunded
3245,125,53,3,401.09,2024-08-21 11:51:00,cancelled
3246,471,48,2,499.23,2024-04-18 07:37:00,cancelled
3247,949,116,1,223.43,2024-06-17 21:04:00,pending
3248,541,145,6,444.55,2024-07-01 20:29:00,completed
3249,547,30,10,250.74,2024-05-18 13:01:00,pending
3250,679,130,8,40.04,2024-07-31 14:56:00,pending
3251,740,44,1,113.19,2024-09-14 00:54:00,completed
3252,842,59,2,494.68,2024-10-04 06:05:00,completed
3253,548,57,3,280.61,2024-04-04 08:27:00,cancelled
3254,736,32,5,285.73,2024-12-01 11:12:00,completed
3255,533,105,5,83.73,2024-01-02 15:46:00,completed
3256,690,125,3,189.96,2024-03-19 23:52:00,cancelled
3257,736,31,4,282.88,2024-03-30 18:48:00,completed
3258,642,108,7,345.88,2024-10-19 11:21:00,refunded
3259,89,36,1,35.77,2024-03-15 02:20:00,cancelled
3260,445,154,3,403.45,2024-08-16 05:58:00,pending
3261,662,149,6,60.76,2024-12-29 07:06:00,pending
3262,189,107,7,245.1,2024-05-12 17:35:00,pending
3263,402,189,8,168.61,2024-10-24 14:40:00,cancelled
3264,433,179,4,212.52,2024-06-21 11:54:00,refunded
3265,960,141,3,40.17,2024-07-06 18:26:00,completed
3266,413,17,3,139.57,2024-09-16 08:07:00,cancelled
3267,627,169,10,332.34,2024-04-06 17:36:00,pending
3268,521,120,2,64.55,2024-03-07 16:35:00,refunded
3269,488,199,8,43.32,2024-10-11 14:21:00,pending
3270,275,86,2,32.55,2024-07-16 18:45:00,cancelled
3271,775,79,3,87.92,2024-11-09 19:00:00,refunded
3272,909,143,4,63.93,2024-10-10 23:48:00,cancelled
3273,144,24,3,109.88,2024-06-09 22:25:00,cancelled
3274,165,74,1,145.16,2024-11-04 04:03:00,pending
3275,901,76,10,127.41,2024-03-19 17:40:00,cancelled
3276,243,34,6,235.8,2024-04-09 10:08:00,refunded
3277,899,167,6,167.97,2024-09-16 14:24:00,completed
3278,943,184,5,293.38,2024-12-07 15:49:00,pending
3279,877,64,1,470.11,2024-06-17 12:27:00,refunded
3280,234,57,10,221.46,2024-08-29 06:41:00,pending
3281,943,89,4,267.26,2024-02-21 11:40:00,cancelled
3282,543,40,5,293.5,2024-10-05 23:17:00,pending
3283,947,171,4,468.82,2024-03-04 14:06:00,refunded
3284,830,26,7,99.25,2024-05-20 14:39:00,refunded
3285,997,81,9,433.57,2024-07-14 17:20:00,pending
3286,295,104,9,479.07,2024-02-11 19:56:00,cancelled
3287,312,13,7,142.05,2024-12-30 19:00:00,pending
3288,997,37,10,40.64,2024-08-26 12:45:00,refunded
3289,320,56,2,86.86,2024-07-03 03:23:00,completed
3290,410,172,5,491.28,2024-03-13 00:54:00,cancelled
3291,71,163,9,227.87,2024-04-18 10:02:00,completed
3292,94,44,1,491.16,2024-09-16 07:48:00,pending
3293,472,78,4,318.58,2024-07-20 16:26:00,refunded
3294,582,127,1,299.55,2024-01-15 13:30:00,refunded
3295,748,79,7,300.62,2024-09-26 08:19:00,pending
3296,777,102,7,291.29,2024-10-27 13:16:00,completed
3297,982,135,6,273.01,2024-02-13 03:51:00,pending
3298,325,123,7,221.63,2024-05-01 11:42:00,completed
3299,310,146,10,430.44,2024-09-28 20:40:00,completed
3300,609,34,4,181.71,2024-10-29 05:56:00,cancelled
3301,745,127,1,337.29,2024-12-02 15:43:00,cancelled
3302,377,22,1,34.99,2024-01-04 00:41:00,cancelled
3303,946,142,10,252.17,2024-07-13 19:35:00,completed
3304,763,90,1,264.95,2024-03-17 02:38:00,completed
3305,470,91,4,130.79,2024-03-20 19:03:00,cancelled
3306,837,189,9,23.8,2024-03-18 09:20:00,completed
3307,69,19,8,133.36,2024-01-16 14:24:00,completed
3308,697,59,6,181.87,2024-04-02 09:34:00,cancelled
3309,985,120,6,102.31,2024-07-25 08:16:00,pending
3310,844,14,7,443.14,2024-10-21 21:37:00,cancelled
3311,86,54,8,304.81,2024-10-03 03:54:00,completed
3312,452,180,7,305.28,2024-06-26 18:43:00,pending
3313,799,90,2,310.07,2024-06-23 03:40:00,completed
3314,11,182,4,475.69,2024-08-22 15:17:00,completed
3315,302,189,5,267.96,2024-05-05 09:03:00,refunded
3316,631,149,3,441.43,2024-03-13 02:39:00,cancelled
3317,971,116,9,86.43,2024-09-09 01:56:00,refunded
3318,263,154,3,485.36,2024-03-27 00:26:00,cancelled
3319,660,118,4,348.02,2024-04-22 08:33:00,completed
3320,718,139,4,250.47,2024-04-14 05:14:00,refunded
3321,317,188,5,250.34,2024-06-05 16:27:00,pending
3322,666,5,5,362.46,2024-04-09 08:59:00,completed
3323,650,144,4,34.78,2024-02-14 11:49:00,pending
3324,73,127,1,286.86,2024-03-24 03:13:00,cancelled
3325,373,130,5,142.23,2024-10-12 23:26:00,completed
3326,955,163,8,458.75,2024-09-02 20:19:00,cancelled
3327,198,75,2,283.27,2024-02-18 20:28:00,cancelled
3328,396,26,5,437.03,2024-02-28 08:19:00,refunded
3329,125,118,3,300.97,2024-09-20 11:47:00,refunded
3330,264,132,8,355.29,2024-11-12 00:50:00,pending
3331,343,108,3,278.69,2024-08-26 02:15:00,refunded
3332,876,121,1,109.43,2024-10-14 08:21:00,completed
3333,74,159,6,389.5,2024-07-20 16:17:00,completed
3334,704,167,2,398.77,2024-07-03 17:24:00,completed
3335,681,58,4,58.03,2024-02-15 13:52:00,completed
3336,658,158,10,344.02,2024-03-22 08:54:00,cancelled
3337,920,197,6,300.32,2024-09-14 08:49:00,completed
3338,936,56,5,240.22,2024-04-22 17:32:00,cancelled
3339,891,112,2,292.33,2024-11-14 06:46:00,cancelled
3340,555,153,5,354.66,2024-04-28 22:02:00,completed
3341,903,57,10,65.52,2024-11-29 22:54:00,refunded
3342,771,147,2,135.39,2024-05-08 09:36:00,cancelled
3343,224,78,7,228.7,2024-10-06 02:52:00,completed
3344,76,189,2,188.09,2024-09-24 22:39:00,refunded
3345,937,192,2,186.85,2024-06-12 16:07:00,cancelled
3346,849,153,2,112.37,2024-03-13 06:47:00,refunded
3347,235,151,3,189.41,2024-11-22 16:43:00,pending
3348,155,170,9,235.31,2024-11-16 21:25:00,cancelled
3349,97,85,5,434.83,2024-08-20 07:37:00,completed
3350,859,126,3,300.13,2024-08-24 19:24:00,completed
3351,702,48,6,353.93,2024-01-14 00:33:00,cancelled
3352,540,8,7,418.75,2024-08-01 23:00:00,completed
3353,113,34,2,280.15,2024-12-01 15:33:00,completed
3354,717,14,10,321.96,2024-01-17 09:36:00,completed
3355,387,53,7,255.73,2024-10-24 01:13:00,cancelled
3356,823,82,3,376.07,2024-04-16 05:47:00,cancelled
3357,485,42,4,156.78,2024-12-15 12:12:00,pending
3358,828,32,3,443.49,2024-02-22 05:50:00,pending
3359,41,16,7,165.85,2024-12-08 10:41:00,completed
3360,309,78,9,499.39,2024-02-22 21:48:00,pending
3361,846,139,7,336.38,2024-08-27 14:27:00,cancelled
3362,598,25,3,490.34,2024-11-01 16:13:00,cancelled
3363,107,31,6,312.81,2024-12-09 13:55:00,refunded
3364,937,67,2,63.65,2024-08-30 21:07:00,completed
3365,369,107,4,427.96,2024-05-02 18:01:00,refunded
3366,403,136,8,220.29,2024-10-10 17:23:00,cancelled
3367,856,162,8,331.6,2024-12-07 01:33:00,pending
3368,112,23,3,254.98,2024-06-15 08:09:00,refunded
3369,12,63,8,147.87,2024-05-21 01:07:00,cancelled
3370,60,137,7,22.13,2024-03-16 16:11:00,cancelled
3371,947,151,10,137.26,2024-09-03 06:05:00,pending
3372,499,186,1,140.85,2024-07-07 09:09:00,pending
3373,131,59,6,236.13,2024-02-14 04:22:00,pending
3374,443,63,6,325.82,2024-09-20 17:29:00,pending
3375,64,19,6,422.98,2024-01-27 12:20:00,refunded
3376,478,55,10,128.67,2024-08-24 01:11:00,pending
3377,963,135,1,474.69,2024-12-10 08:17:00,pending
3378,390,111,9,391.02,2024-07-06 04:03:00,refunded
3379,525,51,5,200.23,2024-10-25 16:07:00,completed
3380,699,176,9,156.12,2024-05-31 16:07:00,completed
3381,898,169,4,123.75,2024-10-09 11:18:00,pending
3382,361,74,2,328.49,2024-10-01 01:41:00,cancelled
3383,73,148,1,226.23,2024-07-06 21:00:00,completed
3384,432,35,4,164.58,2024-01-25 22:39:00,pending
3385,899,56,5,373.79,2024-09-22 10:05:00,pending
3386,966,83,5,203.78,2024-08-08 16:23:00,refunded
3387,299,178,7,56.76,2024-01-08 10:08:00,refunded
3388,762,173,10,480.42,2024-10-19 07:21:00,cancelled
3389,908,178,5,183.38,2024-05-10 03:01:00,pending
3390,943,197,4,303.74,2024-08-20 07:28:00,pending
3391,59,35,1,363.82,2024-03-17 01:33:00,refunded
3392,657,191,8,479.21,2024-09-17 04:11:00,cancelled
3393,860,72,5,356.55,2024-07-01 14:16:00,completed
3394,436,156,10,483.36,2024-07-18 10:41:00,pending
3395,295,51,9,120.2,2024-05-22 20:16:00,completed
3396,35,125,3,449.92,2024-09-25 01:27:00,pending
3397,900,192,1,51.0,2024-04-11 20:51:00,pending
3398,53,29,10,25.47,2024-05-14 09:47:00,cancelled
3399,345,12,8,431.29,2024-07-21 16:02:00,pending
3400,565,72,7,205.54,2024-03-24 07:18:00,completed
3401,783,26,9,299.83,2024-01-13 15:01:00,cancelled
3402,944,119,2,322.68,2024-04-02 13:59:00,refunded
3403,762,102,3,36.15,2024-11-27 14:46:00,cancelled
3404,995,48,8,183.65,2024-03-10 21:27:00,refunded
3405,732,143,9,38.28,2024-01-22 03:32:00,cancelled
3406,295,86,9,386.49,2024-09-30 00:53:00,cancelled
3407,980,180,9,86.94,2024-04-30 16:54:00,completed
3408,302,27,10,171.72,2024-02-29 09:20:00,pending
3409,356,2,1,328.04,2024-11-13 00:55:00,pending
3410,106,64,2,370.18,2024-11-04 15:00:00,pending
3411,741,167,3,101.67,2024-08-23 20:33:00,completed
3412,822,2,3,132.51,2024-03-14 09:47:00,refunded
3413,138,19,7,145.25,2024-10-09 22:05:00,completed
3414,515,106,10,392.93,2024-05-31 18:18:00,completed
3415,898,71,10,179.51,2024-05-24 03:04:00,cancelled
3416,176,11,6,402.65,2024-03-01 12:48:00,pending
3417,494,190,2,59.39,2024-12-27 08:36:00,cancelled
3418,801,69,10,376.37,2024-07-30 08:40:00,refunded
3419,144,7,1,384.99,2024-10-30 08:41:00,cancelled
3420,637,59,7,139.18,2024-10-06 18:42:00,pending
3421,268,158,3,139.28,2024-08-28 21:02:00,cancelled
3422,813,179,10,495.99,2024-11-02 13:45:00,completed
3423,164,120,5,308.15,2024-06-04 18:24:00,cancelled
3424,916,193,5,457.39,2024-06-14 08:23:00,completed
3425,549,169,3,321.41,2024-11-12 01:03:00,refunded
3426,636,103,1,375.54,2024-01-11 20:42:00,completed
3427,558,34,6,356.76,2024-09-16 00:31:00,pending
3428,78,30,3,439.88,2024-05-04 11:02:00,pending
3429,113,29,1,241.95,2024-02-17 10:41:00,pending
3430,865,136,4,198.46,2024-04-21 08:33:00,completed
3431,433,143,1,223.75,2024-05-25 04:37:00,cancelled
3432,964,6,7,217.43,2024-12-15 21:35:00,pending
3433,941,112,6,292.81,2024-02-03 09:35:00,refunded
3434,443,157,8,58.23,2024-10-25 15:33:00,cancelled
3435,827,10,2,159.97,2024-04-25 18:01:00,cancelled
3436,781,71,3,283.57,2024-11-10 00:37:00,refunded
3437,291,63,9,183.96,2024-01-15 14:07:00,refunded
3438,831,129,8,145.45,2024-08-18 01:08:00,cancelled
3439,894,151,6,58.22,2024-11-03 00:11:00,completed
3440,612,21,4,212.34,2024-09-20 01:52:00,refunded
3441,488,28,4,249.65,2024-12-13 03:14:00,pending
3442,167,78,5,123.5,2024-05-04 04:30:00,completed
3443,687,166,9,256.21,2024-09-23 00:38:00,cancelled
3444,277,132,1,74.26,2024-02-28 02:57:00,completed
3445,538,38,9,153.12,2024-10-17 03:54:00,completed
3446,765,18,1,482.96,2024-06-01 16:35:00,refunded
3447,253,156,2,255.96,2024-04-06 14:31:00,pending
3448,815,148,4,60.89,2024-04-14 11:54:00,cancelled
3449,159,29,7,173.56,2024-08-05 22:31:00,refunded
3450,324,44,1,135.53,2024-02-06 19:56:00,completed
3451,816,1,5,369.33,2024-05-30 19:51:00,cancelled
3452,616,97,10,221.27,2024-11-28 10:59:00,cancelled
3453,330,38,5,475.15,2024-06-21 13:35:00,pending
3454,508,65,8,215.73,2024-04-03 02:46:00,cancelled
3455,308,74,5,421.57,2024-01-01 13:38:00,pending
3456,716,17,3,353.98,2024-01-27 17:34:00,cancelled
3457,565,136,2,329.13,2024-06-01 00:12:00,cancelled
3458,375,81,5,113.46,2024-10-05 15:20:00,pending
3459,637,193,3,106.81,2024-04-16 21:23:00,cancelled
3460,112,6,6,405.75,2024-10-19 12:24:00,pending
3461,772,18,5,434.87,2024-03-19 06:43:00,refunded
3462,988,172,9,287.04,2024-06-10 09:24:00,completed
3463,998,107,3,268.51,2024-08-16 19:22:00,completed
3464,225,200,8,473.44,2024-04-22 17:13:00,refunded
3465,212,108,2,220.61,2024-08-13 15:38:00,completed
3466,938,188,9,201.92,2024-03-07 23:36:00,pending
3467,512,75,10,268.79,2024-06-19 15:18:00,refunded
3468,361,172,9,174.88,2024-01-19 10:28:00,refunded
3469,595,21,1,376.22,2024-10-25 06:58:00,completed
3470,593,88,5,58.18,2024-08-22 12:52:00,completed
3471,791,5,6,369.04,2024-01-03 04:35:00,cancelled
3472,204,155,8,427.42,2024-10-04 11:23:00,completed
3473,229,157,7,155.75,2024-12-22 04:37:00,cancelled
3474,262,95,10,447.59,2024-12-22 16:01:00,pending
3475,376,127,3,362.3,2024-01-21 04:56:00,pending
3476,807,190,3,57.45,2024-05-10 12:04:00,completed
3477,566,85,10,85.42,2024-05-28 02:09:00,refunded
3478,192,99,7,118.16,2024-03-06 10:35:00,cancelled
3479,799,135,3,305.11,2024-01-04 08:54:00,refunded
3480,997,23,6,112.18,2024-12-07 16:57:00,cancelled
3481,213,19,9,299.0,2024-05-14 18:23:00,completed
3482,562,166,5,490.42,2024-02-28 03:00:00,cancelled
3483,546,59,8,454.0,2024-07-04 11:37:00,refunded
3484,91,65,1,186.74,2024-07-20 15:47:00,cancelled
3485,515,57,8,269.82,2024-03-09 22:33:00,cancelled
3486,501,20,3,87.91,2024-09-01 17:16:00,refunded
3487,115,87,2,289.48,2024-02-09 16:59:00,completed
3488,407,58,8,432.05,2024-07-04 12:29:00,refunded
3489,606,48,7,22.08,2024-12-15 16:32:00,refunded
3490,259,154,10,296.75,2024-07-26 23:13:00,pending
3491,393,57,10,149.37,2024-03-30 23:06:00,pending
3492,764,25,10,126.85,2024-07-17 05:13:00,completed
3493,450,67,6,457.99,2024-10-26 04:26:00,cancelled
3494,785,150,10,59.18,2024-06-30 20:55:00,cancelled
3495,353,60,1,220.07,2024-09-08 05:48:00,refunded
3496,443,155,6,299.77,2024-05-09 08:16:00,refunded
3497,576,35,4,172.41,2024-12-14 06:32:00,completed
3498,908,189,1,331.41,2024-01-28 14:28:00,completed
3499,799,133,5,222.52,2024-05-24 08:11:00,completed
3500,628,166,5,438.48,2024-02-12 09:38:00,pending
3501,684,40,4,448.56,2024-06-19 01:19:00,pending
3502,771,200,2,345.55,2024-12-10 14:38:00,cancelled
3503,140,41,10,383.49,2024-05-12 22:51:00,completed
3504,769,54,8,348.84,2024-08-26 21:52:00,cancelled
3505,619,94,5,323.83,2024-07-28 09:19:00,cancelled
3506,644,181,1,147.74,2024-11-28 03:22:00,refunded
3507,837,157,7,385.85,2024-01-28 22:53:00,cancelled
3508,187,103,4,40.26,2024-09-05 19:43:00,cancelled
3509,318,63,10,283.58,2024-06-17 16:20:00,completed
3510,663,71,6,307.06,2024-04-10 04:27:00,pending
3511,818,183,10,480.56,2024-07-16 04:22:00,pending
3512,468,123,1,391.09,2024-03-29 17:30:00,refunded
3513,417,43,8,50.25,2024-02-17 13:38:00,refunded
3514,532,198,1,424.13,2024-12-18 09:16:00,completed
3515,33,110,1,116.66,2024-05-11 05:41:00,refunded
3516,484,43,10,321.19,2024-11-20 08:38:00,pending
3517,140,187,8,286.18,2024-10-11 15:36:00,pending
3518,338,70,5,103.73,2024-08-01 07:21:00,cancelled
3519,481,114,1,240.59,2024-09-05 16:18:00,refunded
3520,679,27,8,369.55,2024-07-15 02:06:00,cancelled
3521,585,153,4,226.23,2024-04-11 16:16:00,pending
3522,454,196,4,484.11,2024-06-09 02:45:00,refunded
3523,366,191,10,334.92,2024-04-06 00:56:00,completed
3524,863,60,8,203.26,2024-03-09 19:42:00,cancelled
3525,648,147,4,218.42,2024-11-11 18:01:00,refunded
3526,75,25,6,325.46,2024-04-30 00:13:00,completed
3527,195,108,2,213.35,2024-12-23 23:42:00,completed
3528,96,82,1,203.84,2024-09-01 04:01:00,refunded
3529,332,43,10,390.42,2024-11-07 11:26:00,pending
3530,764,114,1,106.38,2024-03-21 11:51:00,cancelled
3531,286,173,10,304.34,2024-01-16 11:31:00,pending
3532,429,114,4,465.47,2024-07-06 20:09:00,refunded
3533,193,192,4,285.95,2024-02-28 08:36:00,refunded
3534,434,51,2,490.69,2024-09-02 08:53:00,cancelled
3535,511,2,9,98.19,2024-03-10 02:03:00,completed
3536,672,140,7,333.08,2024-08-04 21:51:00,completed
3537,433,122,9,172.5,2024-08-06 08:24:00,pending
3538,979,180,4,451.98,2024-08-27 13:14:00,pending
3539,155,35,10,165.45,2024-08-12 12:02:00,refunded
3540,107,173,9,222.39,2024-08-27 12:49:00,cancelled
3541,223,65,6,174.15,2024-01-09 13:44:00,refunded
3542,703,3,10,377.49,2024-11-10 09:08:00,pending
3543,445,60,2,202.84,2024-02-01 22:08:00,completed
3544,837,102,5,36.13,2024-03-18 23:55:00,refunded
3545,13,74,7,354.92,2024-04-03 20:55:00,cancelled
3546,444,135,10,391.49,2024-06-25 17:33:00,completed
3547,152,193,4,341.87,2024-07-07 04:40:00,refunded
3548,631,11,7,425.71,2024-04-28 17:17:00,pending
3549,292,4,7,453.29,2024-03-04 12:45:00,completed
3550,841,177,7,319.93,2024-05-26 18:56:00,cancelled
3551,725,43,4,284.54,2024-08-17 18:35:00,pending
3552,605,171,10,360.32,2024-11-28 09:30:00,refunded
3553,283,91,2,361.85,2024-11-20 08:01:00,pending
3554,958,170,9,191.26,2024-02-28 17:03:00,completed
3555,273,74,10,281.55,2024-09-04 13:33:00,cancelled
3556,477,3,1,315.62,2024-02-28 07:01:00,cancelled
3557,643,111,1,340.27,2024-12-20 23:04:00,refunded
3558,974,182,10,214.6,2024-01-03 07:20:00,cancelled
3559,188,69,2,401.72,2024-07-18 21:05:00,cancelled
3560,807,191,9,271.22,2024-05-14 19:55:00,cancelled
3561,511,161,1,486.26,2024-11-16 20:40:00,refunded
3562,139,172,8,162.91,2024-12-13 08:46:00,completed
3563,319,98,4,50.23,2024-11-04 05:12:00,refunded
3564,364,172,3,154.7,2024-07-23 03:07:00,cancelled
3565,331,117,2,74.35,2024-11-29 13:29:00,pending
3566,683,109,9,272.66,2024-09-05 08:28:00,refunded
3567,499,94,10,453.71,2024-08-27 06:04:00,completed
3568,400,17,6,28.72,2024-04-23 20:13:00,cancelled
3569,614,126,2,107.04,2024-05-17 22:58:00,pending
3570,602,38,5,424.49,2024-02-18 03:30:00,pending
3571,599,124,2,125.73,2024-01-24 04:52:00,completed
3572,548,191,10,343.37,2024-08-27 04:36:00,refunded
3573,791,128,8,310.38,2024-05-07 10:46:00,pending
3574,934,182,4,374.25,2024-06-28 18:30:00,refunded
3575,512,81,5,475.48,2024-05-04 04:49:00,pending
3576,321,194,9,182.37,2024-12-17 16:48:00,completed
3577,69,57,7,123.46,2024-07-22 17:54:00,refunded
3578,108,41,1,269.06,2024-09-04 02:30:00,pending
3579,640,148,8,261.89,2024-11-30 15:20:00,pending
3580,293,29,2,87.86,2024-01-30 05:51:00,completed
3581,542,34,8,149.31,2024-05-17 16:12:00,refunded
3582,607,53,8,360.44,2024-11-03 18:07:00,completed
3583,880,163,6,374.55,2024-03-13 01:53:00,cancelled
3584,256,99,5,416.25,2024-07-23 21:04:00,pending
3585,691,84,6,48.36,2024-12-12 10:21:00,cancelled
3586,208,189,1,307.46,2024-11-06 16:37:00,pending
3587,735,86,8,51.43,2024-04-05 16:13:00,completed
3588,228,112,6,172.59,2024-08-20 23:50:00,pending
3589,408,75,7,368.79,2024-08-26 11:11:00,refunded
3590,771,67,9,95.0,2024-03-17 06:55:00,pending
3591,910,28,7,59.25,2024-06-27 12:22:00,cancelled
3592,889,67,9,288.33,2024-06-26 02:46:00,refunded
3593,215,151,1,164.86,2024-06-10 03:36:00,completed
3594,632,51,5,352.55,2024-03-13 15:41:00,refunded
3595,580,2,8,420.67,2024-06-17 22:17:00,completed
3596,837,8,8,96.67,2024-02-18 00:26:00,cancelled
3597,883,19,10,343.29,2024-09-05 11:32:00,completed
3598,442,189,1,477.81,2024-06-30 16:48:00,cancelled
3599,31,95,1,246.18,2024-09-28 07:17:00,completed
3600,69,158,2,444.4,2024-07-13 04:20:00,pending
3601,320,1,4,260.92,2024-12-20 17:03:00,completed
3602,965,56,9,158.25,2024-05-29 03:37:00,completed
3603,279,144,9,359.33,2024-02-06 02:07:00,pending
3604,505,47,6,188.65,2024-07-24 16:57:00,completed
3605,117,66,10,148.19,2024-10-12 00:11:00,cancelled
3606,374,4,8,338.22,2024-09-14 03:11:00,cancelled
3607,977,61,9,325.83,2024-06-17 18:22:00,pending
3608,702,13,8,79.15,2024-05-17 05:23:00,pending
3609,758,150,2,418.14,2024-01-26 08:40:00,completed
3610,592,43,10,479.24,2024-05-05 09:18:00,refunded
3611,588,36,2,331.68,2024-03-09 13:42:00,completed
3612,704,173,4,293.28,2024-03-05 00:17:00,cancelled
3613,470,130,10,420.52,2024-09-09 02:46:00,pending
3614,508,58,3,90.58,2024-05-27 17:36:00,completed
3615,675,80,2,328.74,2024-01-17 16:02:00,pending
3616,847,52,2,454.73,2024-05-11 18:19:00,completed
3617,78,99,8,111.29,2024-08-21 18:23:00,pending
3618,590,70,1,336.7,2024-04-12 09:14:00,pending
3619,265,77,6,299.11,2024-05-01 01:24:00,pending
3620,950,95,10,320.94,2024-07-20 13:25:00,refunded
3621,645,99,5,279.61,2024-01-21 08:21:00,refunded
3622,280,109,7,48.45,2024-03-18 07:26:00,refunded
3623,337,52,7,447.78,2024-10-21 04:13:00,cancelled
3624,638,6,10,216.43,2024-09-29 05:48:00,cancelled
3625,373,152,7,161.51,2024-03-25 01:54:00,pending
3626,714,167,2,412.88,2024-07-09 00:11:00,completed
3627,632,12,5,310.58,2024-06-29 17:03:00,pending
3628,403,97,8,139.81,2024-03-18 17:49:00,completed
3629,81,110,10,191.21,2024-11-15 08:27:00,pending
3630,270,147,8,200.73,2024-10-08 06:57:00,pending
3631,40,81,10,402.96,2024-01-16 10:14:00,refunded
3632,898,141,4,314.36,2024-08-31 17:39:00,completed
3633,629,14,9,265.4,2024-06-07 00:37:00,refunded
3634,915,192,10,143.32,2024-09-26 13:27:00,completed
3635,879,74,3,257.03,2024-09-15 03:38:00,pending
3636,466,198,7,464.94,2024-09-30 12:17:00,cancelled
3637,465,157,10,448.25,2024-12-21 16:51:00,cancelled
3638,838,70,5,356.03,2024-08-06 08:42:00,completed
3639,317,5,9,315.89,2024-08-09 13:20:00,refunded
3640,87,101,2,374.87,2024-10-18 06:23:00,completed
3641,941,105,4,408.81,2024-03-23 07:33:00,pending
3642,521,78,4,437.78,2024-07-05 15:45:00,completed
3643,289,80,6,410.85,2024-02-21 05:07:00,refunded
3644,106,105,3,260.12,2024-11-27 04:10:00,cancelled
3645,850,95,10,421.34,2024-12-07 15:56:00,completed
3646,918,18,6,179.23,2024-01-03 03:06:00,refunded
3647,146,85,5,238.87,2024-10-19 04:41:00,refunded
3648,941,119,1,449.07,2024-11-22 07:48:00,completed
3649,390,25,1,43.66,2024-06-22 14:15:00,completed
3650,259,125,6,212.59,2024-09-05 21:45:00,cancelled
3651,843,170,5,216.45,2024-04-17 19:14:00,completed
3652,30,148,6,173.26,2024-04-05 11:48:00,completed
3653,334,39,4,147.46,2024-12-14 01:04:00,cancelled
3654,870,178,1,289.89,2024-11-07 05:10:00,pending
3655,915,60,5,193.04,2024-08-31 21:06:00,cancelled
3656,253,13,3,127.2,2024-10-21 13:57:00,pending
3657,987,4,2,138.13,2024-08-29 20:46:00,refunded
3658,371,36,5,225.21,2024-01-07 07:07:00,completed
3659,139,135,4,429.24,2024-01-07 10:50:00,cancelled
3660,613,129,2,412.46,2024-04-13 23:31:00,completed
3661,227,52,7,235.73,2024-03-01 16:02:00,pending
3662,863,72,7,31.81,2024-10-30 16:09:00,pending
3663,179,148,6,422.59,2024-01-11 10:55:00,refunded
3664,139,169,2,45.45,2024-05-06 21:12:00,completed
3665,474,33,9,336.44,2024-08-22 21:56:00,cancelled
3666,416,138,10,44.95,2024-09-09 10:14:00,pending
3667,602,69,10,198.12,2024-02-09 04:33:00,completed
3668,717,76,10,200.08,2024-05-21 14:47:00,refunded
3669,498,85,5,414.96,2024-10-31 08:15:00,pending
3670,196,84,1,229.47,2024-04-23 02:23:00,completed
3671,713,194,4,115.68,2024-11-16 04:05:00,pending
3672,674,11,7,109.92,2024-07-26 13:16:00,pending
3673,61,122,5,401.04,2024-12-17 08:46:00,pending
3674,334,80,1,218.36,2024-05-26 10:47:00,completed
3675,805,166,3,390.79,2024-01-06 20:29:00,completed
3676,466,44,10,256.21,2024-12-10 08:11:00,completed
3677,185,159,9,54.45,2024-02-08 15:33:00,pending
3678,123,174,2,364.98,2024-09-12 16:46:00,refunded
3679,523,132,7,85.72,2024-04-26 00:03:00,completed
3680,442,37,9,267.19,2024-06-25 15:22:00,pending
3681,286,140,8,393.5,2024-03-28 10:31:00,cancelled
3682,346,6,9,149.31,2024-07-07 21:32:00,refunded
3683,835,51,4,72.53,2024-04-07 12:59:00,cancelled
3684,976,183,4,80.98,2024-05-25 19:43:00,refunded
3685,904,125,3,130.75,2024-03-09 17:45:00,pending
3686,696,149,7,131.0,2024-11-05 12:52:00,cancelled
3687,227,176,3,28.85,2024-07-25 17:04:00,refunded
3688,133,71,2,101.42,2024-01-05 13:41:00,pending
3689,674,69,1,284.9,2024-04-27 00:01:00,pending
3690,446,8,1,227.91,2024-09-03 21:10:00,completed
3691,95,14,4,31.12,2024-02-19 17:54:00,pending
3692,847,3,9,286.89,2024-03-28 12:44:00,pending
3693,412,17,6,258.99,2024-06-25 07:46:00,refunded
3694,633,1,9,171.78,2024-06-20 07:34:00,pending
3695,79,85,10,417.11,2024-03-23 03:58:00,refunded
3696,480,111,5,413.77,2024-09-21 03:01:00,cancelled
3697,831,136,8,275.15,2024-10-05 17:26:00,refunded
3698,264,148,3,254.26,2024-05-26 04:39:00,refunded
3699,587,124,10,470.65,2024-05-19 21:51:00,cancelled
3700,579,122,2,304.97,2024-04-29 05:05:00,refunded
3701,228,153,6,149.83,2024-05-15 14:18:00,completed
3702,655,13,6,407.24,2024-10-23 07:46:00,cancelled
3703,726,58,2,217.34,2024-06-16 08:36:00,cancelled
3704,625,186,6,136.13,2024-06-05 03:00:00,refunded
3705,285,111,3,149.78,2024-11-09 15:47:00,cancelled
3706,354,66,2,260.71,2024-07-09 16:30:00,refunded
3707,659,156,10,197.66,2024-09-06 21:56:00,pending
3708,167,97,9,130.57,2024-12-19 13:41:00,pending
3709,171,78,4,246.23,2024-10-29 16:30:00,refunded
3710,458,78,7,395.0,2024-10-20 12:51:00,refunded
3711,727,35,3,224.43,2024-01-11 17:28:00,completed
3712,974,172,4,470.78,2024-01-31 19:37:00,completed
3713,608,40,1,484.73,2024-11-13 23:13:00,refunded
3714,815,30,9,448.73,2024-07-06 08:44:00,cancelled
3715,103,104,2,183.76,2024-03-23 14:57:00,pending
3716,530,150,8,255.28,2024-08-05 04:38:00,cancelled
3717,821,105,3,178.34,2024-04-18 02:29:00,pending
3718,12,175,7,306.72,2024-11-20 15:02:00,pending
3719,363,134,1,202.48,2024-09-07 14:08:00,refunded
3720,322,156,8,190.96,2024-05-03 21:02:00,completed
3721,805,44,7,274.41,2024-12-08 19:46:00,cancelled
3722,271,178,2,264.58,2024-08-07 13:37:00,completed
3723,879,129,3,387.1,2024-05-30 03:27:00,refunded
3724,504,111,5,493.55,2024-04-05 01:15:00,pending
3725,53,145,3,448.29,2024-02-27 11:54:00,pending
3726,57,125,1,359.74,2024-10-24 03:21:00,completed
3727,725,150,5,299.28,2024-08-26 06:06:00,pending
3728,882,117,5,409.94,2024-06-08 06:01:00,pending
3729,426,149,2,474.28,2024-07-01 19:25:00,refunded
3730,949,60,6,208.93,2024-02-28 12:01:00,pending
3731,863,76,7,225.73,2024-07-04 00:23:00,cancelled
3732,774,129,9,259.8,2024-12-15 00:15:00,completed
3733,573,82,3,431.67,2024-06-19 02:48:00,pending
3734,542,159,1,173.97,2024-09-21 06:32:00,completed
3735,497,111,8,342.4,2024-12-27 12:02:00,cancelled
3736,986,49,3,115.72,2024-05-28 21:48:00,pending
3737,243,93,8,28.92,2024-01-10 00:35:00,cancelled
3738,822,122,10,379.21,2024-02-25 18:48:00,refunded
3739,736,33,10,446.89,2024-10-11 04:10:00,pending
3740,5,33,10,195.29,2024-12-01 04:34:00,cancelled
3741,641,171,10,86.29,2024-05-04 04:52:00,cancelled
3742,144,52,5,402.67,2024-10-11 20:40:00,pending
3743,831,186,10,462.81,2024-12-07 00:00:00,completed
3744,577,22,10,240.22,2024-07-26 10:22:00,pending
3745,428,81,5,331.09,2024-07-16 09:10:00,completed
3746,669,33,1,203.84,2024-05-20 10:49:00,refunded
3747,133,199,2,426.0,2024-09-28 02:38:00,completed
3748,26,173,9,43.44,2024-08-19 05:55:00,completed
3749,836,104,10,36.24,2024-04-30 18:25:00,refunded
3750,354,9,9,405.26,2024-02-22 04:18:00,pending
3751,755,93,10,451.25,2024-03-26 21:49:00,refunded
3752,419,177,3,409.57,2024-03-06 20:46:00,completed
3753,664,118,7,101.68,2024-03-30 13:06:00,refunded
3754,253,152,7,119.74,2024-07-23 14:15:00,pending
3755,239,74,3,380.06,2024-05-04 12:49:00,refunded
3756,942,141,10,65.57,2024-07-29 01:23:00,completed
3757,401,18,4,243.26,2024-04-09 16:49:00,completed
3758,878,81,7,387.32,2024-10-26 08:16:00,refunded
3759,266,118,8,381.85,2024-06-11 05:18:00,refunded
3760,50,82,5,493.83,2024-11-10 20:01:00,pending
3761,791,136,1,489.03,2024-11-23 10:55:00,cancelled
3762,593,31,9,485.09,2024-05-29 23:49:00,refunded
3763,464,7,7,170.06,2024-02-04 07:10:00,pending
3764,418,10,6,183.47,2024-04-14 14:05:00,completed
3765,151,20,7,316.92,2024-07-01 07:23:00,cancelled
3766,771,192,1,86.78,2024-08-25 19:21:00,pending
3767,557,95,1,199.33,2024-04-27 19:44:00,refunded
3768,891,79,3,82.61,2024-06-01 23:21:00,completed
3769,165,79,3,146.69,2024-11-30 11:38:00,cancelled
3770,454,118,10,322.0,2024-03-05 17:40:00,pending
3771,88,93,6,107.08,2024-02-25 23:20:00,cancelled
3772,949,17,8,351.39,2024-12-22 20:47:00,completed
3773,677,46,1,77.88,2024-02-22 10:19:00,cancelled
3774,164,67,4,313.73,2024-08-29 07:24:00,refunded
3775,765,96,5,491.46,2024-07-06 06:05:00,refunded
3776,813,126,10,212.2,2024-10-19 07:12:00,cancelled
3777,572,61,4,121.0,2024-07-24 12:21:00,refunded
3778,563,123,6,411.97,2024-03-14 21:00:00,pending
3779,181,174,6,319.86,2024-05-02 10:54:00,refunded
3780,948,146,4,440.0,2024-05-19 12:05:00,pending
3781,775,179,5,239.78,2024-03-13 16:00:00,pending
3782,848,139,2,297.45,2024-07-02 20:19:00,pending
3783,797,69,8,143.32,2024-04-30 18:45:00,completed
3784,421,131,7,238.41,2024-02-21 06:56:00,pending
3785,251,10,1,498.34,2024-03-09 05:23:00,pending
3786,126,181,8,157.61,2024-11-17 10:27:00,pending
3787,21,15,10,305.05,2024-12-23 00:03:00,pending
3788,750,38,9,339.85,2024-02-22 01:07:00,cancelled
3789,582,2,8,463.87,2024-05-29 21:21:00,refunded
3790,416,175,7,447.23,2024-06-05 15:35:00,refunded
3791,772,58,8,438.63,2024-05-01 13:17:00,completed
3792,560,44,10,38.52,2024-04-23 14:16:00,pending
3793,467,133,10,69.32,2024-09-17 04:43:00,refunded
3794,930,127,4,384.36,2024-07-25 04:13:00,pending
3795,177,165,7,251.62,2024-03-15 18:42:00,pending
3796,383,195,9,133.28,2024-10-11 13:59:00,pending
3797,979,14,10,297.82,2024-12-24 03:35:00,completed
3798,307,114,2,337.4,2024-09-14 19:04:00,completed
3799,48,134,10,468.42,2024-09-15 23:56:00,cancelled
3800,451,199,6,103.88,2024-07-20 06:22:00,cancelled
3801,505,148,3,311.72,2024-11-03 02:09:00,completed
3802,789,99,1,68.68,2024-05-14 14:00:00,refunded
3803,753,183,10,226.1,2024-05-22 23:12:00,refunded
3804,259,18,9,383.96,2024-02-19 20:09:00,cancelled
3805,552,123,5,362.37,2024-05-11 01:08:00,pending
3806,955,135,7,487.9,2024-11-22 02:18:00,completed
3807,870,186,4,59.8,2024-01-29 19:37:00,completed
3808,543,195,5,34.24,2024-02-19 22:18:00,refunded
3809,740,61,8,210.34,2024-10-27 22:50:00,completed
3810,773,39,8,424.44,2024-03-19 02:16:00,pending
3811,865,170,8,384.37,2024-02-17 14:06:00,pending
3812,76,35,5,152.92,2024-01-12 22:05:00,completed
3813,985,96,2,308.8,2024-11-04 02:50:00,cancelled
3814,901,171,6,461.76,2024-06-12 09:03:00,cancelled
3815,913,15,5,360.83,2024-03-25 04:49:00,refunded
3816,906,154,7,46.44,2024-05-19 17:46:00,cancelled
3817,426,181,4,287.15,2024-02-01 13:16:00,cancelled
3818,885,27,4,302.94,2024-03-29 00:19:00,cancelled
3819,520,95,5,449.51,2024-12-18 17:35:00,refunded
3820,156,185,5,481.14,2024-08-06 06:13:00,completed
3821,954,93,2,280.92,2024-12-07 05:01:00,refunded
3822,11,116,10,362.01,2024-12-12 01:45:00,cancelled
3823,286,59,1,271.67,2024-04-05 13:32:00,pending
3824,222,41,2,403.45,2024-04-21 18:29:00,pending
3825,168,46,3,342.67,2024-01-29 00:29:00,refunded
3826,860,38,9,246.56,2024-04-07 08:36:00,pending
3827,532,48,1,266.78,2024-06-19 06:34:00,completed
3828,94,63,3,451.54,2024-12-02 03:00:00,cancelled
3829,139,180,10,296.25,2024-02-29 07:57:00,pending
3830,473,35,2,326.2,2024-08-05 02:05:00,completed
3831,497,103,5,34.63,2024-12-15 11:57:00,cancelled
3832,224,10,4,32.09,2024-01-21 23:54:00,completed
3833,116,24,10,185.61,2024-07-25 09:28:00,pending
3834,775,117,5,102.24,2024-06-30 12:47:00,completed
3835,467,92,3,427.58,2024-12-11 12:06:00,cancelled
3836,774,74,1,232.07,2024-04-09 19:26:00,cancelled
3837,475,37,8,315.64,2024-02-06 02:03:00,cancelled
3838,304,101,5,305.19,2024-09-02 12:48:00,refunded
3839,696,160,9,462.37,2024-11-19 08:29:00,refunded
3840,898,187,1,373.88,2024-04-25 09:02:00,cancelled
3841,839,182,2,374.44,2024-11-17 07:27:00,cancelled
3842,828,136,6,240.13,2024-02-21 21:33:00,cancelled
3843,889,134,6,206.4,2024-05-13 01:25:00,refunded
3844,173,200,10,138.28,2024-02-18 08:46:00,refunded
3845,695,53,8,469.41,2024-12-30 22:34:00,pending
3846,493,43,3,38.47,2024-11-25 23:20:00,completed
3847,549,16,1,261.72,2024-05-19 13:49:00,completed
3848,619,158,6,483.5,2024-01-17 01:32:00,completed
3849,1000,148,7,426.85,2024-02-21 02:32:00,cancelled
3850,657,162,6,66.86,2024-05-28 12:53:00,completed
3851,785,21,3,358.72,2024-06-11 00:13:00,completed
3852,272,35,3,116.73,2024-03-07 00:48:00,cancelled
3853,194,70,8,188.7,2024-08-19 15:47:00,cancelled
3854,490,39,2,434.23,2024-04-01 12:51:00,cancelled
3855,558,54,10,424.64,2024-02-16 10:27:00,cancelled
3856,698,80,3,266.79,2024-10-06 08:39:00,pending
3857,572,142,7,196.31,2024-04-27 21:15:00,cancelled
3858,482,49,9,77.63,2024-02-26 20:18:00,pending
3859,164,168,1,232.65,2024-08-14 12:33:00,pending
3860,277,159,8,358.05,2024-05-23 12:14:00,completed
3861,142,166,6,21.27,2024-10-05 17:14:00,cancelled
3862,473,194,1,447.92,2024-05-29 17:57:00,pending
3863,358,10,1,357.44,2024-08-03 20:55:00,pending
3864,514,185,10,341.98,2024-04-16 21:01:00,pending
3865,801,108,7,355.08,2024-02-06 16:59:00,cancelled
3866,83,21,8,117.69,2024-10-09 09:19:00,pending
3867,280,181,1,384.08,2024-06-19 22:43:00,cancelled
3868,26,133,9,345.27,2024-01-01 22:10:00,refunded
3869,711,70,4,234.11,2024-07-06 04:35:00,pending
3870,392,198,4,342.7,2024-05-17 07:07:00,refunded
3871,336,85,9,281.89,2024-03-18 18:23:00,refunded
3872,853,104,9,432.28,2024-05-19 07:07:00,refunded
3873,59,179,9,372.7,2024-04-26 23:02:00,completed
3874,742,181,1,72.45,2024-05-02 11:11:00,refunded
3875,340,124,7,498.59,2024-10-30 09:28:00,completed
3876,560,37,10,205.66,2024-03-29 20:53:00,completed
3877,9,113,8,304.52,2024-04-11 18:01:00,completed
3878,848,131,4,347.31,2024-01-06 12:28:00,refunded
3879,739,90,4,348.6,2024-04-04 16:43:00,cancelled
3880,952,123,9,30.53,2024-03-21 10:10:00,cancelled
3881,586,51,3,228.36,2024-05-27 08:11:00,completed
3882,654,6,9,162.75,2024-04-15 07:42:00,cancelled
3883,379,35,8,215.47,2024-02-16 20:05:00,cancelled
3884,220,182,9,183.1,2024-04-16 05:28:00,completed
3885,111,184,10,370.89,2024-09-04 06:17:00,cancelled
3886,438,54,10,295.58,2024-03-12 03:28:00,refunded
3887,907,170,2,236.02,2024-08-10 23:59:00,cancelled
3888,305,191,8,380.73,2024-10-23 14:55:00,refunded
3889,452,152,3,139.32,2024-10-16 15:03:00,completed
3890,49,75,4,166.87,2024-11-04 19:42:00,cancelled
3891,383,143,6,205.4,2024-10-11 20:17:00,refunded
3892,626,75,3,332.17,2024-07-05 05:52:00,pending
3893,919,123,9,352.52,2024-03-12 00:21:00,completed
3894,649,179,9,265.56,2024-10-20 22:30:00,refunded
3895,270,114,2,66.83,2024-11-02 16:43:00,cancelled
3896,564,21,6,255.85,2024-09-29 08:42:00,completed
3897,811,69,2,60.6,2024-07-06 10:19:00,pending
3898,569,101,4,431.65,2024-03-23 22:30:00,refunded
3899,883,121,7,329.55,2024-04-22 00:22:00,refunded
3900,930,60,10,49.03,2024-09-21 03:26:00,refunded
3901,478,53,10,252.98,2024-04-29 23:40:00,refunded
3902,347,166,3,228.37,2024-01-05 16:04:00,cancelled
3903,196,151,9,72.59,2024-11-22 16:51:00,cancelled
3904,719,186,8,79.63,2024-04-26 05:57:00,pending
3905,277,186,2,315.39,2024-09-24 03:22:00,cancelled
3906,37,13,1,161.68,2024-10-20 10:29:00,pending
3907,495,160,1,149.66,2024-04-01 13:28:00,completed
3908,661,40,3,57.41,2024-08-07 21:56:00,cancelled
3909,647,32,4,290.49,2024-09-21 15:49:00,pending
3910,641,63,10,115.83,2024-10-18 17:51:00,pending
3911,962,192,8,274.56,2024-08-25 12:02:00,cancelled
3912,222,114,8,267.47,2024-06-23 19:05:00,pending
3913,185,11,1,276.48,2024-03-10 20:28:00,pending
3914,551,29,5,482.69,2024-10-16 15:55:00,refunded
3915,651,134,4,218.17,2024-03-11 16:35:00,cancelled
3916,304,55,2,138.91,2024-03-14 08:50:00,pending
3917,354,41,4,97.37,2024-08-07 06:22:00,refunded
3918,386,125,5,207.36,2024-10-11 21:22:00,refunded
3919,845,68,6,282.39,2024-12-25 19:13:00,completed
3920,557,3,6,63.41,2024-03-15 02:03:00,cancelled
3921,524,50,2,217.3,2024-11-14 17:21:00,completed
3922,691,30,7,188.64,2024-06-28 12:20:00,cancelled
3923,588,112,4,188.23,2024-09-03 12:34:00,completed
3924,241,152,9,436.8,2024-01-06 03:31:00,completed
3925,148,74,9,127.52,2024-09-29 04:52:00,pending
3926,142,164,9,98.46,2024-11-02 20:10:00,completed
3927,863,189,4,323.93,2024-08-04 16:34:00,refunded
3928,538,123,3,245.13,2024-11-11 16:23:00,refunded
3929,67,69,9,58.16,2024-02-12 11:22:00,refunded
3930,653,62,10,420.47,2024-11-19 03:37:00,cancelled
3931,931,67,10,81.37,2024-07-19 10:51:00,pending
3932,492,22,8,438.27,2024-08-12 21:48:00,completed
3933,90,138,2,277.2,2024-10-12 02:26:00,refunded
3934,858,136,1,191.91,2024-11-26 19:07:00,pending
3935,976,29,6,463.82,2024-08-27 04:55:00,refunded
3936,37,195,8,153.78,2024-04-09 03:16:00,pending
3937,562,193,6,111.93,2024-12-24 00:16:00,cancelled
3938,192,93,5,214.94,2024-03-03 10:15:00,refunded
3939,147,162,10,65.33,2024-06-28 09:56:00,refunded
3940,959,115,9,470.3,2024-09-22 03:12:00,cancelled
3941,850,167,2,304.94,2024-08-28 01:11:00,pending
3942,855,110,2,486.56,2024-08-07 16:55:00,completed
3943,559,173,2,361.19,2024-10-24 23:41:00,cancelled
3944,123,196,9,353.59,2024-04-01 01:53:00,refunded
3945,580,96,1,345.5,2024-01-09 10:35:00,completed
3946,275,22,10,121.67,2024-03-26 01:39:00,cancelled
3947,58,96,9,492.53,2024-05-03 11:28:00,completed
3948,220,16,2,356.83,2024-05-29 09:57:00,pending
3949,208,37,7,183.37,2024-02-03 16:06:00,completed
3950,264,25,7,345.96,2024-05-26 13:56:00,completed
3951,583,131,1,403.78,2024-10-30 21:49:00,pending
3952,716,103,9,182.51,2024-06-24 21:40:00,refunded
3953,492,67,10,268.51,2024-01-24 15:47:00,completed
3954,469,88,9,498.44,2024-02-03 22:19:00,pending
3955,368,156,10,112.98,2024-02-06 11:48:00,pending
3956,654,144,2,22.12,2024-09-14 01:52:00,refunded
3957,648,36,2,473.07,2024-05-10 13:22:00,completed
3958,631,23,3,455.46,2024-08-21 04:04:00,completed
3959,812,148,9,268.03,2024-02-19 17:28:00,completed
3960,902,78,2,59.76,2024-03-16 16:45:00,pending
3961,254,30,5,258.81,2024-09-30 08:13:00,refunded
3962,217,94,8,492.15,2024-06-18 19:29:00,pending
3963,394,22,2,405.61,2024-11-13 21:55:00,refunded
3964,454,122,5,396.78,2024-01-25 06:23:00,pending
3965,798,105,4,427.87,2024-07-14 11:07:00,refunded
3966,556,195,9,356.96,2024-02-05 13:54:00,pending
3967,238,63,5,311.46,2024-11-02 19:32:00,cancelled
3968,366,131,1,265.15,2024-08-04 00:31:00,cancelled
3969,527,105,2,88.81,2024-09-10 20:33:00,cancelled
3970,565,23,2,146.56,2024-12-26 09:48:00,completed
3971,871,142,6,273.14,2024-01-15 07:07:00,cancelled
3972,289,168,5,121.1,2024-12-11 00:23:00,pending
3973,350,157,1,132.73,2024-12-31 19:43:00,refunded
3974,281,7,4,475.01,2024-06-20 23:15:00,pending
3975,596,141,4,425.15,2024-04-01 11:44:00,cancelled
3976,34,90,6,321.87,2024-01-07 16:43:00,cancelled
3977,689,78,10,245.74,2024-07-03 16:01:00,cancelled
3978,558,3,7,162.44,2024-05-14 21:08:00,completed
3979,420,162,10,209.69,2024-07-12 14:09:00,pending
3980,500,58,1,254.67,2024-08-08 18:26:00,pending
3981,649,16,1,80.57,2024-07-17 17:08:00,pending
3982,885,50,8,304.8,2024-06-01 18:52:00,cancelled
3983,538,37,1,283.37,2024-05-21 14:17:00,completed
3984,97,92,6,69.13,2024-07-11 19:11:00,pending
3985,215,57,6,122.84,2024-06-16 19:28:00,refunded
3986,516,95,4,458.35,2024-08-01 18:08:00,cancelled
3987,692,83,1,320.58,2024-05-08 13:41:00,cancelled
3988,822,85,10,304.05,2024-06-15 16:58:00,completed
3989,914,152,7,313.85,2024-05-20 01:13:00,refunded
3990,145,155,3,274.96,2024-06-18 04:26:00,completed
3991,769,186,8,251.21,2024-03-12 02:57:00,refunded
3992,238,93,8,316.19,2024-03-28 01:18:00,refunded
3993,707,51,2,257.72,2024-01-07 15:35:00,pending
3994,707,153,9,104.97,2024-06-05 08:15:00,refunded
3995,108,115,7,151.73,2024-08-29 03:03:00,completed
3996,889,47,10,416.64,2024-01-15 07:05:00,pending
3997,722,3,9,80.03,2024-06-12 07:39:00,pending
3998,746,197,7,352.88,2024-02-16 04:03:00,refunded
3999,102,181,9,481.6,2024-05-13 01:46:00,refunded
4000,627,193,4,405.34,2024-10-07 01:25:00,refunded
4001,418,179,1,228.4,2024-04-12 14:25:00,refunded
4002,829,84,2,244.05,2024-04-23 02:21:00,completed
4003,732,106,8,181.51,2024-09-15 13:50:00,pending
4004,512,5,8,117.31,2024-11-01 00:19:00,pending
4005,796,1,7,368.35,2024-07-04 02:15:00,pending
4006,729,163,3,402.02,2024-03-23 19:13:00,refunded
4007,407,107,7,219.43,2024-03-01 02:15:00,pending
4008,688,182,1,498.58,2024-08-20 03:35:00,pending
4009,288,193,10,68.26,2024-12-15 07:18:00,pending
4010,463,76,5,338.72,2024-10-09 21:15:00,completed
4011,323,36,10,350.01,2024-01-19 16:24:00,pending
4012,683,1,3,265.47,2024-05-03 15:03:00,completed
4013,534,156,8,290.68,2024-02-24 04:56:00,refunded
4014,759,45,5,468.07,2024-08-08 15:46:00,cancelled
4015,880,37,6,111.59,2024-11-16 15:01:00,completed
4016,256,93,4,414.89,2024-08-13 19:17:00,cancelled
4017,910,146,8,374.5,2024-02-02 08:49:00,refunded
4018,250,126,10,475.92,2024-03-06 16:11:00,completed
4019,365,64,6,395.23,2024-05-12 17:34:00,pending
4020,387,159,7,325.06,2024-05-03 02:19:00,refunded
4021,389,107,10,339.23,2024-05-20 21:27:00,refunded
4022,253,119,7,275.48,2024-09-29 05:43:00,completed
4023,531,13,9,87.55,2024-12-15 23:51:00,refunded
4024,529,115,3,258.8,2024-01-31 08:54:00,completed
4025,688,23,7,296.43,2024-01-10 02:56:00,pending
4026,922,11,1,424.47,2024-10-06 00:42:00,completed
4027,900,100,7,188.23,2024-09-08 19:17:00,refunded
4028,784,181,10,120.81,2024-11-01 16:00:00,completed
4029,171,6,3,488.0,2024-12-12 00:40:00,pending
4030,927,26,9,482.72,2024-07-30 11:39:00,completed
4031,523,191,1,388.65,2024-07-10 07:16:00,refunded
4032,170,194,5,235.88,2024-08-28 18:54:00,completed
4033,186,22,2,82.34,2024-06-27 22:30:00,cancelled
4034,458,181,8,430.82,2024-07-16 10:04:00,completed
4035,10,60,10,266.61,2024-04-20 19:27:00,completed
4036,409,162,6,70.98,2024-01-27 03:13:00,pending
4037,955,2,9,338.11,2024-02-18 07:08:00,refunded
4038,695,58,9,160.2,2024-02-16 00:31:00,cancelled
4039,906,35,4,436.2,2024-11-18 00:47:00,completed
4040,647,42,1,422.15,2024-04-25 05:18:00,completed
4041,595,55,4,396.68,2024-08-23 04:56:00,pending
4042,928,171,4,412.63,2024-08-20 22:07:00,completed
4043,484,41,6,416.48,2024-03-16 20:08:00,cancelled
4044,512,64,1,147.45,2024-06-02 12:50:00,refunded
4045,467,91,1,130.67,2024-04-27 18:48:00,pending
4046,498,182,4,292.25,2024-06-07 16:16:00,cancelled
4047,242,79,8,358.04,2024-02-13 17:18:00,pending
4048,34,58,7,246.33,2024-10-16 16:27:00,cancelled
4049,546,51,7,76.53,2024-11-14 07:20:00,refunded
4050,834,177,1,194.58,2024-01-03 04:34:00,completed
4051,320,127,1,78.65,2024-12-12 11:00:00,completed
4052,185,185,3,362.15,2024-02-22 08:27:00,pending
4053,593,67,9,110.71,2024-09-25 19:29:00,cancelled
4054,805,82,6,457.3,2024-08-12 06:22:00,completed
4055,518,54,6,215.54,2024-04-14 21:26:00,pending
4056,321,111,1,307.39,2024-12-22 16:27:00,cancelled
4057,930,180,4,462.49,2024-12-17 12:27:00,pending
4058,62,86,9,365.43,2024-11-03 13:04:00,refunded
4059,462,103,5,255.41,2024-08-15 20:02:00,cancelled
4060,851,10,8,265.66,2024-04-03 15:54:00,refunded
4061,449,36,2,449.15,2024-08-27 11:47:00,completed
4062,40,100,1,232.58,2024-10-19 02:05:00,refunded
4063,652,122,7,43.89,2024-01-11 14:44:00,pending
4064,144,181,9,54.24,2024-03-26 08:50:00,completed
4065,218,80,10,154.47,2024-09-26 06:20:00,pending
4066,443,26,8,255.24,2024-02-24 22:54:00,refunded
4067,553,45,4,77.33,2024-07-31 15:48:00,pending
4068,92,21,2,48.68,2024-01-03 03:01:00,refunded
4069,689,102,8,438.86,2024-05-01 21:31:00,completed
4070,55,57,4,64.23,2024-08-27 10:59:00,cancelled
4071,738,131,7,481.51,2024-08-02 11:33:00,refunded
4072,681,43,8,264.67,2024-08-08 21:39:00,completed
4073,266,65,3,330.92,2024-12-30 10:37:00,cancelled
4074,891,81,4,123.25,2024-05-20 12:30:00,completed
4075,433,150,2,60.12,2024-12-22 06:59:00,refunded
4076,804,98,1,95.31,2024-10-11 20:46:00,pending
4077,237,48,2,485.3,2024-12-10 10:11:00,cancelled
4078,397,43,1,454.16,2024-03-29 03:37:00,refunded
4079,684,59,10,244.59,2024-08-19 13:25:00,completed
4080,251,159,5,141.81,2024-05-20 11:52:00,completed
4081,145,163,6,142.41,2024-10-12 01:29:00,pending
4082,762,125,10,102.99,2024-02-14 19:48:00,pending
4083,20,37,8,413.89,2024-02-01 13:17:00,cancelled
4084,90,72,6,325.39,2024-06-20 14:45:00,completed
4085,908,177,2,225.5,2024-01-28 01:58:00,refunded
4086,958,138,4,309.65,2024-03-20 08:25:00,pending
4087,353,68,1,463.77,2024-03-19 18:23:00,cancelled
4088,834,56,2,348.86,2024-12-05 22:24:00,cancelled
4089,307,147,3,334.33,2024-07-13 16:56:00,refunded
4090,385,110,1,165.8,2024-01-13 11:04:00,pending
4091,73,186,8,264.02,2024-02-05 20:37:00,cancelled
4092,134,189,4,117.11,2024-06-04 14:09:00,cancelled
4093,75,180,1,229.09,2024-06-11 21:50:00,pending
4094,263,185,9,125.1,2024-10-30 23:18:00,refunded
4095,749,13,2,265.41,2024-09-20 14:51:00,refunded
4096,601,153,7,374.43,2024-09-04 23:24:00,pending
4097,867,151,4,62.56,2024-03-01 05:27:00,completed
4098,880,98,5,37.8,2024-12-09 16:21:00,pending
4099,883,179,9,494.68,2024-04-24 02:18:00,completed
4100,94,14,2,222.12,2024-12-19 22:45:00,completed
4101,752,118,2,69.27,2024-01-02 22:49:00,cancelled
4102,180,150,1,323.84,2024-01-02 01:11:00,cancelled
4103,656,49,6,352.77,2024-04-29 15:52:00,refunded
4104,187,149,1,275.25,2024-08-07 15:13:00,completed
4105,550,21,3,286.02,2024-08-10 00:23:00,cancelled
4106,669,2,8,140.24,2024-02-13 14:04:00,completed
4107,651,90,3,485.82,2024-04-29 12:18:00,refunded
4108,425,25,6,127.59,2024-05-21 10:38:00,refunded
4109,694,91,8,289.71,2024-04-01 07:27:00,cancelled
4110,458,162,8,385.37,2024-05-11 18:38:00,cancelled
4111,194,8,3,225.62,2024-09-06 23:37:00,cancelled
4112,107,190,7,359.79,2024-10-03 11:05:00,completed
4113,680,118,2,419.37,2024-03-05 09:25:00,refunded
4114,605,18,10,420.73,2024-02-05 22:59:00,refunded
4115,267,161,6,190.97,2024-03-25 23:57:00,refunded
4116,748,16,9,169.45,2024-06-24 11:38:00,cancelled
4117,124,136,5,422.01,2024-06-11 22:26:00,pending
4118,857,20,4,92.6,2024-11-01 05:58:00,pending
4119,656,106,7,137.49,2024-05-06 02:33:00,completed
4120,671,194,2,306.45,2024-04-26 03:56:00,refunded
4121,591,95,3,144.08,2024-12-31 23:47:00,cancelled
4122,895,52,8,417.64,2024-05-17 05:54:00,refunded
4123,263,177,4,332.34,2024-07-10 12:02:00,cancelled
4124,835,88,6,219.1,2024-04-08 11:06:00,refunded
4125,588,148,9,65.14,2024-10-14 06:30:00,completed
4126,982,181,6,290.36,2024-04-14 07:39:00,pending
4127,153,170,9,453.51,2024-02-23 16:16:00,refunded
4128,661,137,3,420.41,2024-11-29 21:33:00,completed
4129,426,93,5,66.43,2024-07-31 00:57:00,completed
4130,944,188,4,267.25,2024-08-08 02:43:00,refunded
4131,749,170,5,384.41,2024-06-17 20:01:00,completed
4132,690,17,9,484.68,2024-05-21 16:23:00,cancelled
4133,327,199,3,461.18,2024-06-06 16:30:00,refunded
4134,696,94,3,98.11,2024-06-08 06:37:00,cancelled
4135,107,165,9,316.76,2024-01-21 00:47:00,pending
4136,121,52,1,262.44,2024-03-23 23:52:00,refunded
4137,545,161,9,326.94,2024-01-31 16:52:00,cancelled
4138,340,40,6,317.19,2024-12-19 19:06:00,refunded
4139,717,16,8,169.42,2024-05-12 01:46:00,completed
4140,964,183,7,476.02,2024-10-30 13:17:00,cancelled
4141,980,158,3,306.66,2024-07-25 12:17:00,cancelled
4142,517,44,4,301.94,2024-04-02 09:36:00,refunded
4143,57,143,7,245.35,2024-05-25 02:34:00,pending
4144,861,59,3,71.68,2024-03-27 15:20:00,cancelled
4145,182,168,4,184.48,2024-05-31 22:59:00,cancelled
4146,7,96,10,449.54,2024-04-21 01:29:00,completed
4147,186,61,2,185.08,2024-02-26 09:40:00,cancelled
4148,665,70,7,133.78,2024-02-12 14:19:00,pending
4149,218,39,2,429.06,2024-09-12 20:06:00,completed
4150,95,167,4,465.11,2024-07-06 14:17:00,cancelled
4151,332,71,6,182.02,2024-10-27 18:49:00,pending
4152,647,164,1,199.42,2024-07-23 23:16:00,refunded
4153,800,155,3,264.62,2024-08-23 05:58:00,pending
4154,662,85,5,348.24,2024-04-21 13:59:00,refunded
4155,171,3,9,266.74,2024-07-19 02:46:00,refunded
4156,104,181,6,330.93,2024-02-08 14:25:00,pending
4157,684,21,6,264.96,2024-02-06 08:31:00,cancelled
4158,719,82,3,448.31,2024-01-08 05:54:00,pending
4159,760,44,6,455.72,2024-08-16 19:43:00,pending
4160,660,184,7,335.49,2024-12-10 08:41:00,completed
4161,560,187,9,48.54,2024-02-01 08:37:00,cancelled
4162,14,175,8,420.63,2024-09-25 21:50:00,refunded
4163,584,137,1,260.53,2024-07-17 02:06:00,refunded
4164,959,4,9,140.08,2024-02-23 14:10:00,cancelled
4165,421,14,9,397.0,2024-05-16 14:43:00,completed
4166,72,187,1,404.56,2024-10-09 19:07:00,pending
4167,160,107,7,453.39,2024-05-10 21:26:00,refunded
4168,318,68,4,316.93,2024-06-28 07:47:00,refunded
4169,947,135,6,377.87,2024-05-20 12:05:00,pending
4170,627,105,8,306.33,2024-11-15 20:11:00,completed
4171,159,32,3,243.41,2024-05-08 01:00:00,refunded
4172,64,161,10,61.38,2024-02-16 23:08:00,cancelled
4173,976,81,9,117.01,2024-01-26 04:37:00,pending
4174,115,115,10,338.39,2024-09-14 18:40:00,pending
4175,563,169,9,93.98,2024-06-28 11:45:00,refunded
4176,738,117,3,496.59,2024-06-06 16:55:00,cancelled
4177,833,151,1,498.57,2024-03-03 14:11:00,completed
4178,917,149,6,218.79,2024-07-26 15:59:00,pending
4179,305,55,5,490.09,2024-12-19 07:04:00,cancelled
4180,762,174,2,285.35,2024-12-07 04:56:00,cancelled
4181,237,48,4,302.0,2024-10-19 06:18:00,pending
4182,333,69,8,135.4,2024-01-22 08:29:00,cancelled
4183,752,104,3,397.03,2024-03-25 02:04:00,completed
4184,738,182,9,261.16,2024-08-28 08:23:00,completed
4185,609,160,3,133.62,2024-11-20 20:59:00,pending
4186,486,167,10,495.97,2024-08-05 01:09:00,cancelled
4187,803,103,2,296.5,2024-07-31 15:54:00,pending
4188,230,177,3,160.3,2024-02-04 09:02:00,pending
4189,13,69,8,321.05,2024-07-24 04:01:00,cancelled
4190,791,155,2,341.04,2024-11-12 12:40:00,cancelled
4191,636,44,7,448.31,2024-04-13 02:59:00,cancelled
4192,534,134,5,21.04,2024-08-14 21:56:00,refunded
4193,56,151,4,476.73,2024-10-10 12:16:00,refunded
4194,420,111,2,394.76,2024-10-09 19:55:00,pending
4195,328,52,7,241.55,2024-08-18 03:56:00,pending
4196,483,197,10,246.43,2024-05-09 07:38:00,cancelled
4197,150,136,6,418.96,2024-08-10 13:49:00,completed
4198,495,159,9,121.69,2024-11-18 20:40:00,refunded
4199,903,167,1,406.68,2024-01-20 23:49:00,refunded
4200,194,145,1,372.14,2024-01-02 18:53:00,completed
4201,533,148,7,487.32,2024-09-20 12:28:00,refunded
4202,49,106,9,361.33,2024-10-01 00:43:00,refunded
4203,106,131,5,243.36,2024-01-11 00:04:00,pending
4204,427,3,2,367.15,2024-05-04 06:02:00,refunded
4205,715,27,2,182.11,2024-04-07 09:49:00,refunded
4206,347,48,7,408.21,2024-11-10 00:11:00,refunded
4207,566,182,1,121.91,2024-07-02 15:21:00,pending
4208,315,108,3,424.37,2024-02-14 01:45:00,refunded
4209,872,97,1,148.03,2024-10-13 20:46:00,refunded
4210,371,146,2,140.54,2024-02-11 18:51:00,refunded
4211,429,185,3,86.61,2024-12-01 06:56:00,refunded
4212,199,157,3,213.67,2024-11-07 01:07:00,completed
4213,187,50,2,337.23,2024-12-09 11:19:00,refunded
4214,700,14,3,75.54,2024-01-12 10:51:00,completed
4215,257,9,6,446.96,2024-07-22 05:26:00,pending
4216,854,82,9,58.73,2024-10-16 21:20:00,pending
4217,355,80,5,58.92,2024-10-29 11:06:00,completed
4218,296,115,8,99.3,2024-10-18 15:20:00,pending
4219,762,104,3,33.1,2024-04-15 19:59:00,pending
4220,8,72,4,43.15,2024-10-04 18:22:00,pending
4221,756,44,9,369.47,2024-05-30 14:26:00,refunded
4222,369,190,8,377.04,2024-11-03 20:00:00,refunded
4223,232,74,5,59.73,2024-10-22 08:05:00,refunded
4224,443,159,9,233.55,2024-06-21 16:24:00,pending
4225,1,70,5,220.15,2024-04-24 03:36:00,pending
4226,410,79,9,459.07,2024-07-07 18:03:00,refunded
4227,336,37,10,465.36,2024-05-05 10:31:00,refunded
4228,433,190,4,208.4,2024-12-18 18:03:00,refunded
4229,519,144,7,20.56,2024-07-27 05:42:00,pending
4230,103,46,10,84.18,2024-03-21 08:35:00,pending
4231,771,139,9,180.65,2024-02-09 07:54:00,pending
4232,329,24,1,26.52,2024-10-21 21:08:00,pending
4233,268,132,3,486.94,2024-10-27 21:16:00,pending
4234,641,50,3,395.71,2024-04-05 23:33:00,completed
4235,9,40,6,114.09,2024-09-03 04:56:00,refunded
4236,851,87,1,372.25,2024-09-08 13:20:00,cancelled
4237,616,94,10,403.79,2024-02-05 22:07:00,refunded
4238,534,22,2,69.94,2024-06-02 01:10:00,completed
4239,994,41,4,358.85,2024-01-22 00:47:00,completed
4240,797,97,6,84.07,2024-09-12 20:48:00,cancelled
4241,374,102,8,186.99,2024-12-21 06:07:00,cancelled
4242,701,188,9,106.81,2024-11-19 00:24:00,refunded
4243,162,153,2,445.03,2024-12-08 11:10:00,refunded
4244,99,17,4,460.3,2024-07-12 15:31:00,cancelled
4245,462,124,8,82.21,2024-07-25 14:27:00,cancelled
4246,721,166,5,301.62,2024-05-02 18:57:00,refunded
4247,484,138,3,260.04,2024-02-29 14:49:00,refunded
4248,187,47,2,396.04,2024-02-07 00:18:00,refunded
4249,649,113,5,180.92,2024-12-13 07:16:00,completed
4250,868,41,2,83.78,2024-12-30 02:02:00,completed
4251,580,156,6,332.57,2024-12-29 12:08:00,completed
4252,448,118,8,138.06,2024-09-15 12:44:00,refunded
4253,134,48,1,274.86,2024-05-08 15:40:00,pending
4254,951,29,10,280.37,2024-11-05 05:12:00,completed
4255,153,62,10,181.8,2024-02-13 15:45:00,completed
4256,593,112,6,344.05,2024-12-30 12:05:00,pending
4257,191,158,3,395.38,2024-12-13 03:16:00,completed
4258,233,177,2,331.55,2024-08-13 23:53:00,pending
4259,740,6,1,252.99,2024-11-20 16:32:00,cancelled
4260,694,143,5,410.63,2024-03-07 09:55:00,cancelled
4261,290,101,7,249.32,2024-05-11 17:06:00,completed
4262,765,110,1,205.93,2024-06-16 13:17:00,completed
4263,808,5,6,116.29,2024-03-08 12:18:00,cancelled
4264,423,44,10,46.12,2024-04-11 19:42:00,refunded
4265,493,34,9,470.38,2024-08-06 19:17:00,refunded
4266,110,151,10,420.58,2024-06-30 19:06:00,completed
4267,553,103,10,189.96,2024-06-27 03:42:00,pending
4268,309,59,3,269.33,2024-02-07 12:05:00,refunded
4269,279,19,7,271.07,2024-05-05 03:53:00,completed
4270,427,106,2,476.15,2024-05-28 22:32:00,refunded
4271,77,92,2,20.75,2024-11-13 14:44:00,pending
4272,674,13,1,46.3,2024-02-07 23:36:00,pending
4273,451,30,5,29.24,2024-06-17 10:58:00,pending
4274,195,183,5,339.03,2024-02-27 08:24:00,refunded
4275,144,47,8,468.11,2024-04-02 07:59:00,completed
4276,464,71,7,117.17,2024-01-10 23:54:00,completed
4277,305,16,2,485.42,2024-02-29 23:51:00,pending
4278,250,76,5,360.95,2024-11-18 06:31:00,refunded
4279,26,171,10,436.42,2024-02-28 17:54:00,completed
4280,675,3,5,65.5,2024-10-31 06:09:00,refunded
4281,455,192,4,182.88,2024-08-27 12:27:00,refunded
4282,404,174,5,239.3,2024-07-08 04:46:00,cancelled
4283,744,54,1,192.37,2024-07-29 16:23:00,pending
4284,688,80,6,354.82,2024-05-06 00:28:00,cancelled
4285,646,25,1,374.97,2024-05-31 23:47:00,pending
4286,677,123,2,369.47,2024-06-06 01:06:00,pending
4287,722,107,4,121.96,2024-12-19 08:45:00,cancelled
4288,394,2,7,116.7,2024-04-07 12:27:00,completed
4289,457,171,9,251.9,2024-12-06 08:51:00,refunded
4290,869,173,2,365.37,2024-05-10 23:58:00,cancelled
4291,670,158,10,298.41,2024-08-07 18:00:00,refunded
4292,259,125,5,221.1,2024-03-23 08:40:00,completed
4293,646,30,6,42.53,2024-08-07 12:26:00,completed
4294,6,52,8,85.82,2024-05-22 20:22:00,completed
4295,963,128,6,269.87,2024-01-24 04:36:00,cancelled
4296,14,123,5,349.33,2024-10-15 14:04:00,cancelled
4297,102,123,6,213.85,2024-09-16 18:14:00,completed
4298,650,160,3,353.8,2024-05-07 03:38:00,refunded
4299,532,56,4,468.35,2024-05-13 14:55:00,refunded
4300,738,134,6,67.14,2024-11-30 04:15:00,completed
4301,959,97,6,84.08,2024-06-19 05:58:00,refunded
4302,732,77,9,497.98,2024-05-11 16:33:00,pending
4303,308,6,10,35.51,2024-01-24 15:41:00,refunded
4304,476,68,8,334.73,2024-02-18 19:43:00,cancelled
4305,819,120,3,354.31,2024-12-09 12:14:00,pending
4306,685,8,10,152.5,2024-02-17 09:09:00,completed
4307,894,70,6,369.36,2024-10-17 02:33:00,pending
4308,663,39,6,89.54,2024-06-20 02:24:00,refunded
4309,437,12,1,305.46,2024-09-19 12:09:00,refunded
4310,933,170,6,389.82,2024-02-27 04:19:00,cancelled
4311,395,140,6,327.28,2024-04-27 18:03:00,completed
4312,600,109,3,244.35,2024-11-20 16:07:00,refunded
4313,613,104,5,469.58,2024-06-30 19:42:00,cancelled
4314,843,185,2,147.7,2024-08-27 20:12:00,completed
4315,764,77,2,147.7,2024-03-18 08:58:00,refunded
4316,375,127,1,362.89,2024-10-13 21:44:00,refunded
4317,196,191,9,172.09,2024-11-24 06:43:00,cancelled
4318,353,136,8,453.67,2024-02-27 19:05:00,refunded
4319,586,108,2,218.19,2024-06-13 18:55:00,refunded
4320,385,49,6,60.67,2024-05-12 05:36:00,pending
4321,25,94,5,92.54,2024-07-19 17:38:00,cancelled
4322,455,179,1,421.69,2024-05-25 11:31:00,refunded
4323,984,152,10,416.49,2024-03-06 18:39:00,cancelled
4324,90,176,10,237.93,2024-09-19 14:10:00,completed
4325,150,69,3,389.22,2024-07-26 00:31:00,refunded
4326,281,64,3,92.48,2024-02-25 16:31:00,completed
4327,925,4,10,76.93,2024-01-11 19:51:00,cancelled
4328,958,180,4,342.13,2024-08-14 10:08:00,cancelled
4329,934,179,5,349.22,2024-10-09 10:04:00,pending
4330,866,20,7,186.22,2024-12-20 06:08:00,pending
4331,55,39,7,270.62,2024-11-08 00:36:00,cancelled
4332,564,34,3,32.05,2024-08-25 03:15:00,completed
4333,258,100,10,259.72,2024-08-13 23:40:00,cancelled
4334,688,155,8,66.17,2024-04-18 17:34:00,completed
4335,487,78,3,81.2,2024-05-23 19:20:00,completed
4336,392,31,6,373.23,2024-09-21 06:43:00,completed
4337,368,84,5,438.58,2024-05-11 07:20:00,cancelled
4338,718,63,9,20.38,2024-10-13 09:38:00,pending
4339,159,169,4,339.11,2024-09-09 21:44:00,completed
4340,900,83,6,392.62,2024-03-30 23:46:00,cancelled
4341,30,65,5,458.78,2024-09-04 14:36:00,completed
4342,786,51,6,329.85,2024-02-16 06:19:00,completed
4343,692,32,10,466.24,2024-07-01 01:36:00,cancelled
4344,356,130,10,70.54,2024-05-24 17:15:00,cancelled
4345,391,121,6,386.31,2024-03-14 12:04:00,cancelled
4346,179,4,8,60.2,2024-07-21 15:24:00,completed
4347,189,166,3,399.44,2024-05-15 10:26:00,completed
4348,703,166,7,123.76,2024-09-30 15:48:00,refunded
4349,305,89,4,241.79,2024-11-13 09:25:00,refunded
4350,780,193,5,454.92,2024-10-08 11:28:00,pending
4351,465,11,9,307.39,2024-07-18 14:52:00,cancelled
4352,128,159,6,261.29,2024-12-24 16:45:00,completed
4353,546,141,6,422.75,2024-07-21 23:46:00,pending
4354,61,42,1,147.36,2024-05-05 08:02:00,refunded
4355,193,38,1,420.46,2024-06-29 17:09:00,completed
4356,995,17,3,42.84,2024-12-18 19:58:00,completed
4357,653,194,4,98.82,2024-01-19 19:41:00,refunded
4358,804,105,1,482.72,2024-08-27 01:47:00,cancelled
4359,529,36,10,266.14,2024-06-03 20:27:00,refunded
4360,541,186,8,366.21,2024-09-23 06:11:00,pending
4361,845,96,3,181.28,2024-03-18 14:13:00,pending
4362,73,159,10,266.14,2024-12-14 11:37:00,pending
4363,826,57,7,146.57,2024-05-25 15:05:00,refunded
4364,644,45,8,162.65,2024-06-06 21:22:00,pending
4365,861,47,9,148.57,2024-06-21 07:40:00,completed
4366,298,71,3,334.66,2024-06-05 21:02:00,refunded
4367,647,3,9,423.47,2024-02-26 01:36:00,pending
4368,862,181,7,27.59,2024-10-21 17:43:00,completed
4369,246,200,7,138.25,2024-07-20 22:26:00,refunded
4370,468,134,2,144.31,2024-11-30 23:47:00,refunded
4371,106,76,10,362.3,2024-05-12 14:36:00,refunded
4372,62,163,9,273.3,2024-11-06 21:42:00,refunded
4373,925,5,3,374.7,2024-01-07 14:45:00,pending
4374,294,167,9,415.4,2024-04-08 15:01:00,completed
4375,735,128,6,132.61,2024-12-21 14:47:00,completed
4376,907,76,10,418.08,2024-12-16 08:52:00,refunded
4377,325,147,1,378.26,2024-04-12 08:32:00,cancelled
4378,659,51,5,339.58,2024-08-14 11:43:00,pending
4379,536,136,1,57.36,2024-01-21 00:47:00,cancelled
4380,192,63,7,189.11,2024-04-01 18:57:00,pending
4381,389,68,3,334.48,2024-09-19 01:55:00,pending
4382,62,21,1,102.08,2024-11-03 13:20:00,pending
4383,606,105,10,377.1,2024-06-22 18:02:00,refunded
4384,412,36,5,95.34,2024-05-26 05:46:00,pending
4385,763,63,4,322.25,2024-02-03 21:24:00,completed
4386,37,194,5,357.41,2024-09-19 10:05:00,refunded
4387,897,38,2,466.13,2024-08-09 06:22:00,pending
4388,969,83,1,99.35,2024-09-08 15:09:00,refunded
4389,27,166,3,197.04,2024-01-04 16:37:00,completed
4390,746,194,4,416.66,2024-08-24 19:06:00,cancelled
4391,466,35,1,125.54,2024-11-27 16:34:00,pending
4392,323,131,2,155.89,2024-05-04 13:05:00,refunded
4393,57,128,4,404.87,2024-08-09 09:23:00,refunded
4394,471,71,1,359.8,2024-12-09 12:38:00,pending
4395,709,79,2,122.58,2024-12-09 07:56:00,refunded
4396,794,7,2,63.7,2024-11-05 17:50:00,pending
4397,592,36,4,55.96,2024-03-08 02:25:00,cancelled
4398,465,146,3,385.38,2024-02-13 03:58:00,cancelled
4399,345,29,7,251.05,2024-11-02 18:21:00,refunded
4400,797,51,4,52.41,2024-09-23 22:33:00,refunded
4401,891,54,4,427.85,2024-03-23 08:08:00,completed
4402,974,35,10,257.54,2024-12-22 21:28:00,cancelled
4403,149,39,9,91.04,2024-11-28 17:47:00,pending
4404,165,123,9,454.01,2024-02-04 23:02:00,cancelled
4405,833,109,7,450.28,2024-10-01 07:03:00,cancelled
4406,76,6,9,203.36,2024-01-29 00:30:00,cancelled
4407,467,53,5,410.34,2024-07-03 07:57:00,pending
4408,519,151,10,495.32,2024-09-04 02:59:00,cancelled
4409,10,47,7,362.4,2024-05-25 05:10:00,cancelled
4410,423,32,7,303.64,2024-08-29 12:38:00,cancelled
4411,420,145,7,27.99,2024-01-24 23:15:00,pending
4412,506,27,9,346.74,2024-08-11 05:25:00,cancelled
4413,455,106,7,70.68,2024-05-20 08:14:00,pending
4414,848,84,8,429.3,2024-04-27 04:52:00,pending
4415,312,129,4,326.14,2024-08-21 17:50:00,refunded
4416,872,193,5,239.89,2024-09-24 10:22:00,refunded
4417,513,10,9,228.59,2024-09-04 08:43:00,cancelled
4418,72,100,2,132.59,2024-10-27 04:52:00,refunded
4419,524,67,6,450.29,2024-07-14 04:31:00,cancelled
4420,593,55,4,199.54,2024-08-22 23:28:00,pending
4421,205,161,10,224.58,2024-04-15 00:43:00,cancelled
4422,12,132,2,72.78,2024-03-09 06:58:00,completed
4423,724,96,3,124.3,2024-08-07 01:15:00,pending
4424,642,85,3,437.63,2024-02-22 13:23:00,cancelled
4425,69,190,2,42.09,2024-01-20 16:49:00,completed
4426,409,17,10,229.11,2024-08-18 11:22:00,cancelled
4427,208,36,1,486.65,2024-02-09 15:14:00,cancelled
4428,707,158,5,468.65,2024-10-22 19:45:00,pending
4429,686,149,4,494.19,2024-03-09 20:02:00,pending
4430,805,130,7,497.78,2024-06-09 02:43:00,refunded
4431,825,109,1,93.57,2024-09-05 20:29:00,refunded
4432,880,104,6,69.87,2024-02-13 16:35:00,completed
4433,442,180,7,81.3,2024-10-08 14:16:00,cancelled
4434,515,61,10,33.74,2024-10-31 08:16:00,cancelled
4435,978,29,1,229.24,2024-03-31 06:07:00,pending
4436,976,133,5,132.88,2024-09-21 03:04:00,refunded
4437,279,175,4,375.31,2024-05-23 01:41:00,pending
4438,129,8,7,236.92,2024-12-14 15:15:00,completed
4439,891,83,5,132.18,2024-02-19 19:06:00,cancelled
4440,865,131,5,198.58,2024-12-26 22:43:00,cancelled
4441,941,63,5,478.21,2024-10-28 23:58:00,completed
4442,435,3,7,269.91,2024-08-14 11:48:00,refunded
4443,901,158,10,158.07,2024-07-31 23:33:00,completed
4444,933,116,5,137.41,2024-04-22 05:25:00,refunded
4445,248,101,5,93.86,2024-09-02 00:17:00,pending
4446,950,150,3,353.9,2024-06-25 23:58:00,refunded
4447,217,8,2,162.64,2024-08-10 18:58:00,cancelled
4448,448,169,2,484.07,2024-10-13 14:55:00,cancelled
4449,84,76,1,149.94,2024-08-03 06:55:00,refunded
4450,561,97,7,80.13,2024-05-31 16:57:00,cancelled
4451,877,52,8,222.31,2024-07-21 10:16:00,pending
4452,601,81,1,33.4,2024-08-24 22:54:00,completed
4453,97,6,10,303.23,2024-03-08 04:13:00,cancelled
4454,999,128,10,262.79,2024-01-28 06:01:00,refunded
4455,244,122,1,125.48,2024-09-23 10:39:00,cancelled
4456,325,60,6,421.5,2024-04-24 17:57:00,cancelled
4457,349,192,4,99.13,2024-10-10 15:02:00,pending
4458,919,28,1,92.75,2024-07-02 13:31:00,cancelled
4459,611,141,4,125.63,2024-08-08 16:03:00,pending
4460,916,138,3,250.43,2024-03-21 00:12:00,cancelled
4461,773,87,7,257.97,2024-05-11 14:58:00,refunded
4462,740,160,2,130.91,2024-12-11 05:51:00,refunded
4463,446,61,6,376.55,2024-05-04 07:05:00,pending
4464,373,120,2,380.35,2024-03-10 05:28:00,refunded
4465,469,118,9,327.99,2024-10-07 01:32:00,refunded
4466,167,93,8,435.68,2024-02-11 00:35:00,completed
4467,477,62,2,133.93,2024-10-14 16:50:00,completed
4468,149,56,1,171.91,2024-08-24 22:03:00,pending
4469,564,90,5,402.61,2024-04-12 09:17:00,pending
4470,505,153,1,209.46,2024-06-08 16:40:00,completed
4471,849,172,5,61.68,2024-01-21 23:29:00,cancelled
4472,566,178,5,328.48,2024-08-30 06:48:00,completed
4473,116,66,7,184.76,2024-09-13 22:14:00,pending
4474,673,164,5,334.22,2024-05-28 11:12:00,pending
4475,743,12,7,184.12,2024-07-19 10:14:00,cancelled
4476,517,146,4,466.02,2024-06-10 18:25:00,completed
4477,809,81,9,173.38,2024-10-09 23:20:00,cancelled
4478,925,168,10,259.3,2024-12-27 12:42:00,pending
4479,262,168,9,282.64,2024-09-13 21:12:00,cancelled
4480,691,63,10,203.12,2024-10-05 18:00:00,cancelled
4481,118,50,3,263.08,2024-06-27 01:20:00,pending
4482,742,44,3,201.39,2024-03-21 12:48:00,refunded
4483,312,166,9,383.49,2024-09-17 13:26:00,pending
4484,876,69,5,305.39,2024-09-06 12:23:00,cancelled
4485,476,174,1,206.94,2024-07-28 08:01:00,completed
4486,390,161,2,475.04,2024-07-23 00:00:00,completed
4487,190,190,5,369.59,2024-10-17 06:01:00,completed
4488,827,64,5,444.95,2024-05-05 14:19:00,pending
4489,806,51,10,32.39,2024-01-23 23:01:00,cancelled
4490,691,185,8,197.97,2024-11-18 23:48:00,pending
4491,243,84,10,472.22,2024-08-10 20:14:00,refunded
4492,522,5,1,221.22,2024-11-10 04:17:00,cancelled
4493,38,101,6,276.98,2024-11-03 08:57:00,refunded
4494,162,148,8,368.11,2024-10-08 22:17:00,pending
4495,403,193,4,128.55,2024-01-29 07:06:00,cancelled
4496,834,135,6,276.41,2024-04-27 20:15:00,refunded
4497,781,198,9,149.21,2024-09-23 06:30:00,cancelled
4498,501,75,1,389.54,2024-12-04 14:17:00,pending
4499,60,78,6,489.86,2024-03-26 17:57:00,completed
4500,803,63,5,338.26,2024-05-17 05:50:00,pending
4501,871,56,2,54.53,2024-09-27 10:05:00,cancelled
4502,609,188,7,244.2,2024-08-12 20:31:00,cancelled
4503,297,133,4,469.1,2024-07-04 13:21:00,refunded
4504,417,159,2,277.22,2024-07-22 10:34:00,cancelled
4505,72,6,9,22.46,2024-09-21 22:16:00,pending
4506,571,42,10,353.42,2024-07-28 18:44:00,pending
4507,437,83,3,310.67,2024-03-04 17:05:00,refunded
4508,474,69,8,475.01,2024-07-17 10:59:00,refunded
4509,695,128,6,219.32,2024-05-13 13:15:00,pending
4510,496,192,1,220.85,2024-07-12 16:46:00,pending
4511,90,23,1,124.66,2024-01-31 11:10:00,refunded
4512,900,170,7,224.72,2024-05-11 10:28:00,completed
4513,761,46,10,106.76,2024-11-07 10:05:00,pending
4514,417,122,3,112.49,2024-08-12 01:24:00,completed
4515,903,140,2,284.3,2024-11-24 09:36:00,cancelled
4516,784,2,6,93.91,2024-07-04 04:49:00,pending
4517,286,101,4,393.0,2024-11-29 15:24:00,cancelled
4518,75,97,10,198.46,2024-02-13 12:22:00,pending
4519,532,65,1,477.74,2024-06-28 07:08:00,completed
4520,127,193,1,61.48,2024-04-02 20:42:00,cancelled
4521,270,80,6,303.97,2024-07-25 13:16:00,pending
4522,942,142,1,447.86,2024-03-30 13:44:00,cancelled
4523,431,94,7,112.7,2024-06-18 02:59:00,pending
4524,54,165,8,339.8,2024-10-24 21:58:00,refunded
4525,262,105,5,185.76,2024-08-27 13:08:00,refunded
4526,906,124,9,464.56,2024-02-18 22:47:00,cancelled
4527,678,141,2,336.88,2024-03-07 12:26:00,cancelled
4528,690,177,8,239.16,2024-05-02 10:00:00,completed
4529,590,97,10,238.36,2024-06-12 15:00:00,completed
4530,593,132,9,46.26,2024-06-18 18:48:00,completed
4531,90,153,10,92.07,2024-02-23 23:47:00,refunded
4532,155,44,1,117.84,2024-08-31 16:40:00,completed
4533,601,102,4,194.63,2024-09-06 13:26:00,pending
4534,677,192,4,451.96,2024-11-16 06:19:00,pending
4535,931,129,1,441.07,2024-04-02 17:51:00,pending
4536,228,92,4,462.72,2024-04-25 06:08:00,refunded
4537,440,184,10,317.62,2024-04-16 23:47:00,pending
4538,917,81,4,39.49,2024-12-13 21:32:00,completed
4539,205,29,8,140.16,2024-05-02 11:27:00,cancelled
4540,789,38,6,153.46,2024-03-23 15:47:00,cancelled
4541,149,123,9,325.92,2024-12-29 06:30:00,refunded
4542,151,197,2,416.04,2024-02-18 02:36:00,refunded
4543,532,14,4,80.62,2024-02-12 16:43:00,pending
4544,31,190,1,492.92,2024-03-19 00:47:00,cancelled
4545,920,25,2,165.92,2024-07-24 00:18:00,pending
4546,755,27,3,436.68,2024-06-29 09:52:00,pending
4547,678,136,2,224.42,2024-01-16 19:27:00,cancelled
4548,172,184,8,362.56,2024-11-17 16:11:00,completed
4549,622,53,1,259.21,2024-04-14 20:45:00,refunded
4550,459,108,10,296.64,2024-02-01 02:49:00,cancelled
4551,616,15,10,152.21,2024-02-10 06:18:00,refunded
4552,826,102,5,401.92,2024-10-05 05:26:00,cancelled
4553,523,58,5,317.82,2024-07-07 23:21:00,pending
4554,5,186,10,395.05,2024-02-13 04:34:00,completed
4555,804,128,6,283.69,2024-11-25 14:35:00,completed
4556,965,4,8,290.94,2024-04-08 08:32:00,pending
4557,853,179,2,40.97,2024-02-06 20:36:00,cancelled
4558,75,168,9,147.49,2024-06-22 15:06:00,cancelled
4559,218,187,2,263.32,2024-06-08 22:25:00,completed
4560,781,83,4,405.34,2024-04-29 19:30:00,cancelled
4561,305,87,5,374.96,2024-01-15 19:00:00,refunded
4562,498,79,2,73.84,2024-04-10 10:52:00,refunded
4563,155,92,1,85.93,2024-12-11 11:51:00,cancelled
4564,766,105,3,384.93,2024-03-26 20:36:00,completed
4565,847,182,10,51.75,2024-08-20 01:38:00,cancelled
4566,44,87,1,71.13,2024-07-25 10:01:00,pending
4567,962,27,7,417.55,2024-02-12 14:30:00,cancelled
4568,579,86,2,163.18,2024-03-18 15:15:00,refunded
4569,445,70,7,452.82,2024-04-18 16:45:00,refunded
4570,502,161,10,35.26,2024-04-14 05:37:00,pending
4571,931,23,2,223.21,2024-12-28 15:41:00,cancelled
4572,251,72,9,428.31,2024-08-02 19:48:00,pending
4573,552,46,6,230.34,2024-02-18 03:56:00,cancelled
4574,744,57,4,301.09,2024-05-04 03:33:00,pending
4575,946,179,7,139.32,2024-10-02 07:14:00,completed
4576,433,138,2,336.32,2024-07-14 11:45:00,pending
4577,397,108,1,436.9,2024-10-10 19:58:00,completed
4578,495,20,7,154.77,2024-05-21 04:54:00,refunded
4579,354,79,8,215.71,2024-08-18 16:15:00,refunded
4580,70,81,1,37.86,2024-10-12 02:26:00,pending
4581,639,6,8,429.46,2024-06-03 11:14:00,completed
4582,442,156,7,440.92,2024-08-28 12:27:00,cancelled
4583,384,79,10,289.14,2024-02-26 08:06:00,refunded
4584,215,32,7,168.95,2024-10-12 22:03:00,refunded
4585,455,58,8,339.95,2024-02-15 07:31:00,refunded
4586,837,164,1,401.48,2024-06-03 05:23:00,refunded
4587,398,168,3,83.4,2024-10-01 15:05:00,pending
4588,469,143,6,87.75,2024-02-20 13:56:00,completed
4589,26,44,9,314.45,2024-09-11 03:19:00,completed
4590,249,40,10,258.11,2024-12-29 04:10:00,pending
4591,894,91,2,403.83,2024-08-17 11:19:00,cancelled
4592,640,198,3,390.87,2024-02-19 01:37:00,cancelled
4593,889,132,8,320.62,2024-06-11 19:28:00,completed
4594,739,17,2,460.75,2024-06-09 13:32:00,pending
4595,944,69,8,297.92,2024-06-20 22:19:00,completed
4596,178,183,8,316.51,2024-03-15 00:26:00,completed
4597,493,9,4,234.21,2024-07-11 14:58:00,completed
4598,309,22,3,294.27,2024-02-25 05:17:00,pending
4599,636,163,7,346.4,2024-11-10 08:17:00,cancelled
4600,979,3,9,363.9,2024-04-29 09:32:00,completed
4601,610,28,6,411.73,2024-06-14 08:09:00,pending
4602,88,172,8,415.69,2024-01-15 22:49:00,pending
4603,305,32,9,369.08,2024-10-16 17:40:00,cancelled
4604,238,148,2,381.1,2024-12-05 13:56:00,cancelled
4605,962,7,1,344.52,2024-01-09 18:31:00,completed
4606,558,89,6,279.37,2024-09-15 08:44:00,refunded
4607,243,9,3,436.01,2024-12-13 16:12:00,completed
4608,632,170,9,398.74,2024-09-25 18:12:00,refunded
4609,978,78,10,491.02,2024-10-21 05:44:00,pending
4610,454,187,5,377.9,2024-06-04 05:42:00,pending
4611,691,79,2,265.8,2024-12-01 16:04:00,pending
4612,327,188,7,398.63,2024-02-14 04:41:00,cancelled
4613,839,44,9,186.49,2024-04-06 20:26:00,pending
4614,1,172,7,127.74,2024-03-22 18:57:00,completed
4615,352,139,4,250.04,2024-04-20 17:52:00,pending
4616,912,27,2,346.65,2024-03-18 16:33:00,pending
4617,225,108,9,247.39,2024-08-20 14:31:00,refunded
4618,15,79,6,191.21,2024-10-03 23:52:00,refunded
4619,564,82,6,337.55,2024-09-11 06:07:00,pending
4620,947,130,3,44.13,2024-04-25 10:56:00,pending
4621,641,177,6,434.79,2024-01-07 07:22:00,completed
4622,197,185,7,120.87,2024-09-01 08:15:00,refunded
4623,218,9,8,243.19,2024-05-04 18:44:00,refunded
4624,846,167,7,456.19,2024-06-24 00:52:00,completed
4625,385,192,8,56.2,2024-11-28 06:55:00,pending
4626,780,136,9,344.53,2024-10-27 14:33:00,refunded
4627,895,28,8,494.73,2024-09-18 12:14:00,completed
4628,993,9,10,203.35,2024-01-02 08:56:00,completed
4629,38,163,1,167.71,2024-01-14 14:18:00,pending
4630,927,188,6,353.65,2024-02-23 19:32:00,cancelled
4631,106,102,5,225.24,2024-09-13 16:33:00,pending
4632,301,180,2,347.25,2024-07-21 12:15:00,pending
4633,440,58,2,359.6,2024-02-21 23:33:00,pending
4634,856,85,7,23.74,2024-04-14 12:30:00,pending
4635,854,92,7,437.77,2024-05-29 13:43:00,cancelled
4636,502,26,10,428.61,2024-04-13 07:42:00,cancelled
4637,941,149,2,148.4,2024-12-14 01:15:00,refunded
4638,115,126,2,305.79,2024-05-29 18:17:00,cancelled
4639,359,37,6,250.74,2024-07-17 14:49:00,cancelled
4640,78,103,4,466.94,2024-01-22 04:51:00,cancelled
4641,85,49,5,140.73,2024-12-03 15:24:00,cancelled
4642,981,75,1,177.09,2024-10-11 00:40:00,refunded
4643,652,182,6,46.36,2024-07-31 15:02:00,pending
4644,553,70,3,322.93,2024-05-14 17:03:00,cancelled
4645,693,92,5,191.19,2024-04-10 17:13:00,pending
4646,575,82,3,287.87,2024-05-29 22:12:00,cancelled
4647,529,107,7,183.15,2024-01-07 13:39:00,cancelled
4648,570,96,10,187.33,2024-01-16 07:20:00,completed
4649,915,142,10,180.49,2024-06-30 12:17:00,completed
4650,726,41,7,424.17,2024-02-09 12:28:00,pending
4651,189,75,10,85.29,2024-04-04 01:39:00,pending
4652,899,127,7,104.04,2024-01-05 13:36:00,refunded
4653,500,107,10,53.36,2024-03-01 04:10:00,refunded
4654,54,143,8,293.68,2024-02-22 17:39:00,refunded
4655,247,35,7,151.96,2024-09-25 00:13:00,refunded
4656,164,177,9,487.54,2024-12-04 04:27:00,refunded
4657,760,185,7,496.41,2024-04-21 02:00:00,completed
4658,853,81,10,26.28,2024-02-13 07:51:00,completed
4659,174,137,10,417.8,2024-09-17 17:03:00,pending
4660,304,65,1,330.61,2024-10-13 21:26:00,completed
4661,740,92,1,143.5,2024-03-23 19:41:00,completed
4662,518,151,8,364.16,2024-12-20 12:40:00,cancelled
4663,627,128,9,366.1,2024-07-28 05:38:00,cancelled
4664,66,35,3,55.85,2024-03-17 06:07:00,cancelled
4665,243,39,9,56.49,2024-10-19 03:40:00,cancelled
4666,386,13,2,27.13,2024-03-25 05:25:00,completed
4667,40,95,7,89.38,2024-08-03 14:22:00,completed
4668,314,12,1,489.0,2024-07-10 11:14:00,cancelled
4669,909,31,5,389.4,2024-10-04 06:30:00,refunded
4670,200,176,2,259.89,2024-12-01 06:47:00,completed
4671,460,22,4,86.95,2024-06-13 15:38:00,refunded
4672,275,99,8,423.66,2024-12-27 19:32:00,pending
4673,353,6,10,478.37,2024-09-09 21:55:00,refunded
4674,379,6,7,294.74,2024-05-01 09:56:00,refunded
4675,460,36,5,192.38,2024-07-22 17:45:00,refunded
4676,661,110,1,183.26,2024-11-14 07:39:00,completed
4677,405,133,5,158.41,2024-02-20 17:49:00,cancelled
4678,447,78,10,296.89,2024-06-23 04:07:00,cancelled
4679,796,173,8,245.39,2024-12-21 08:55:00,completed
4680,944,150,1,226.83,2024-08-20 18:50:00,refunded
4681,743,112,4,146.87,2024-06-09 19:36:00,cancelled
4682,254,122,9,149.0,2024-04-11 17:26:00,pending
4683,584,118,4,269.67,2024-10-28 06:35:00,refunded
4684,881,127,5,465.8,2024-04-15 21:02:00,pending
4685,311,111,2,142.54,2024-05-05 17:23:00,completed
4686,19,190,1,373.81,2024-05-13 14:46:00,completed
4687,549,32,4,194.41,2024-03-20 16:36:00,pending
4688,88,150,2,257.49,2024-07-10 19:42:00,completed
4689,585,46,2,123.65,2024-05-08 04:07:00,completed
4690,988,13,2,286.75,2024-03-04 08:47:00,cancelled
4691,134,34,6,208.92,2024-06-24 16:22:00,refunded
4692,509,149,6,347.63,2024-07-12 03:36:00,completed
4693,340,120,8,495.69,2024-09-05 16:01:00,refunded
4694,520,103,8,217.73,2024-05-30 17:47:00,cancelled
4695,806,64,1,301.81,2024-02-20 16:37:00,pending
4696,867,113,2,152.01,2024-11-24 23:52:00,completed
4697,281,115,9,203.91,2024-01-06 04:37:00,cancelled
4698,726,88,4,464.17,2024-01-21 03:33:00,refunded
4699,534,89,1,193.79,2024-02-11 17:05:00,refunded
4700,938,93,8,243.18,2024-05-10 01:29:00,refunded
4701,161,170,9,123.87,2024-11-27 04:36:00,cancelled
4702,501,200,5,84.43,2024-05-17 17:59:00,cancelled
4703,452,114,10,156.42,2024-09-30 06:04:00,refunded
4704,378,160,1,343.79,2024-09-25 02:00:00,cancelled
4705,608,77,9,498.33,2024-01-19 15:42:00,refunded
4706,311,186,3,90.62,2024-01-13 11:43:00,pending
4707,926,60,5,281.82,2024-09-07 07:31:00,completed
4708,850,27,6,94.19,2024-09-02 07:52:00,refunded
4709,463,175,7,216.18,2024-04-13 18:48:00,cancelled
4710,619,176,1,285.5,2024-12-01 16:52:00,cancelled
4711,191,153,10,227.25,2024-08-16 03:17:00,completed
4712,870,49,5,414.04,2024-01-21 18:41:00,refunded
4713,175,99,4,364.32,2024-07-21 02:37:00,cancelled
4714,476,98,3,432.17,2024-09-26 09:15:00,refunded
4715,687,114,1,251.37,2024-12-25 05:11:00,completed
4716,906,24,2,215.42,2024-01-15 06:10:00,pending
4717,821,24,4,260.1,2024-07-05 09:18:00,pending
4718,54,103,1,93.93,2024-01-20 17:52:00,cancelled
4719,86,43,3,246.74,2024-03-02 07:31:00,cancelled
4720,988,92,3,448.81,2024-03-25 22:31:00,cancelled
4721,606,52,4,480.71,2024-12-28 15:27:00,pending
4722,155,86,10,93.61,2024-05-06 03:53:00,refunded
4723,262,46,4,486.08,2024-02-19 21:20:00,refunded
4724,669,35,6,458.66,2024-02-02 07:26:00,completed
4725,385,156,5,154.4,2024-07-20 11:06:00,pending
4726,475,59,1,250.41,2024-12-19 23:15:00,completed
4727,364,196,4,137.84,2024-01-12 13:30:00,cancelled
4728,627,144,6,197.56,2024-11-02 02:51:00,refunded
4729,323,102,8,325.8,2024-04-16 07:35:00,refunded
4730,496,43,2,477.58,2024-05-11 07:45:00,completed
4731,855,148,4,275.4,2024-05-25 23:25:00,completed
4732,631,167,4,187.91,2024-04-25 21:04:00,completed
4733,646,21,9,487.18,2024-09-24 23:18:00,cancelled
4734,393,138,5,498.82,2024-08-14 12:07:00,cancelled
4735,211,122,5,441.13,2024-03-25 09:02:00,completed
4736,252,164,8,389.28,2024-07-18 21:57:00,pending
4737,486,150,3,302.71,2024-03-16 19:42:00,pending
4738,123,52,8,344.86,2024-04-14 14:32:00,cancelled
4739,952,169,9,323.96,2024-10-27 10:43:00,completed
4740,970,190,2,439.81,2024-05-30 01:53:00,pending
4741,706,165,3,255.67,2024-05-18 15:42:00,pending
4742,74,176,2,321.78,2024-09-08 15:37:00,completed
4743,616,120,10,321.2,2024-05-06 05:56:00,cancelled
4744,206,88,7,252.0,2024-01-29 16:52:00,completed
4745,327,156,6,280.93,2024-03-08 17:44:00,pending
4746,122,198,8,82.77,2024-06-04 03:33:00,pending
4747,889,64,4,284.33,2024-11-20 17:59:00,refunded
4748,475,161,6,215.09,2024-10-19 08:56:00,refunded
4749,32,117,2,173.46,2024-07-30 18:20:00,refunded
4750,566,163,6,428.9,2024-10-07 21:17:00,cancelled
4751,467,34,5,90.91,2024-09-09 03:13:00,refunded
4752,932,123,10,73.78,2024-07-25 20:33:00,cancelled
4753,114,91,7,497.18,2024-08-03 08:52:00,refunded
4754,427,26,1,432.27,2024-11-22 06:26:00,refunded
4755,321,56,7,296.99,2024-10-13 03:09:00,pending
4756,55,20,7,465.51,2024-09-21 02:47:00,refunded
4757,541,200,1,127.81,2024-02-11 15:13:00,completed
4758,826,200,8,192.51,2024-12-09 02:57:00,completed
4759,995,84,7,480.61,2024-01-02 10:10:00,completed
4760,113,134,7,405.23,2024-12-14 23:48:00,pending
4761,479,190,5,110.24,2024-02-10 10:26:00,pending
4762,51,98,8,456.19,2024-04-03 15:58:00,completed
4763,209,37,2,147.86,2024-10-12 23:13:00,refunded
4764,822,6,3,102.42,2024-02-06 04:14:00,refunded
4765,697,121,5,208.15,2024-05-21 04:39:00,pending
4766,450,19,4,308.71,2024-12-15 20:38:00,completed
4767,405,53,5,313.38,2024-03-25 12:16:00,refunded
4768,70,135,7,124.59,2024-09-02 12:41:00,refunded
4769,223,147,9,430.77,2024-11-06 13:20:00,completed
4770,336,65,4,265.81,2024-01-27 07:00:00,pending
4771,167,122,5,439.09,2024-02-03 16:21:00,pending
4772,295,171,9,348.75,2024-01-10 14:40:00,completed
4773,157,120,6,159.69,2024-09-05 06:01:00,cancelled
4774,565,172,5,313.06,2024-11-13 11:21:00,cancelled
4775,992,142,10,348.37,2024-12-07 19:46:00,pending
4776,106,87,8,309.58,2024-09-09 14:40:00,cancelled
4777,439,77,6,481.4,2024-02-28 08:13:00,completed
4778,595,163,2,320.99,2024-11-17 20:57:00,refunded
4779,906,163,6,76.11,2024-12-20 13:36:00,refunded
4780,282,14,8,101.55,2024-02-19 14:04:00,completed
4781,338,114,10,98.22,2024-06-13 19:42:00,refunded
4782,247,150,9,174.74,2024-02-13 04:03:00,pending
4783,823,67,1,157.67,2024-05-24 12:19:00,cancelled
4784,719,89,1,237.71,2024-05-30 09:25:00,cancelled
4785,727,64,6,136.59,2024-03-06 15:16:00,pending
4786,557,158,9,321.99,2024-02-04 06:59:00,cancelled
4787,266,55,4,494.24,2024-12-11 19:31:00,cancelled
4788,323,71,3,310.48,2024-06-04 13:25:00,refunded
4789,352,22,7,362.05,2024-11-10 18:50:00,cancelled
4790,305,27,10,499.83,2024-04-28 09:45:00,refunded
4791,167,48,8,434.58,2024-08-09 09:38:00,pending
4792,651,56,4,301.85,2024-01-31 11:44:00,cancelled
4793,649,105,7,108.91,2024-08-24 10:10:00,pending
4794,831,77,1,353.04,2024-01-02 14:57:00,pending
4795,661,105,7,315.98,2024-03-29 09:35:00,refunded
4796,476,178,4,308.95,2024-11-28 13:12:00,refunded
4797,137,47,1,364.39,2024-02-24 21:58:00,pending
4798,286,166,2,285.52,2024-02-04 07:17:00,cancelled
4799,279,140,8,295.0,2024-04-13 07:53:00,cancelled
4800,655,83,10,481.42,2024-11-22 17:05:00,pending
4801,887,13,9,262.07,2024-04-06 04:00:00,pending
4802,449,97,3,442.2,2024-11-28 03:27:00,pending
4803,355,147,2,238.26,2024-01-12 15:24:00,pending
4804,778,103,1,394.8,2024-03-16 12:21:00,refunded
4805,208,117,10,317.24,2024-01-16 13:19:00,pending
4806,811,177,6,191.86,2024-01-15 06:57:00,cancelled
4807,635,40,10,328.9,2024-07-27 17:19:00,completed
4808,857,185,3,484.16,2024-01-01 23:25:00,completed
4809,643,2,8,210.13,2024-10-28 14:10:00,completed
4810,568,102,9,123.51,2024-03-21 11:43:00,completed
4811,459,195,4,294.93,2024-08-24 05:15:00,completed
4812,646,69,4,375.25,2024-11-24 02:08:00,pending
4813,664,118,3,71.43,2024-02-25 01:28:00,refunded
4814,597,79,9,72.64,2024-04-04 12:49:00,refunded
4815,706,2,6,207.8,2024-06-05 04:31:00,completed
4816,762,183,10,269.85,2024-04-05 10:04:00,cancelled
4817,137,88,7,109.92,2024-07-23 01:49:00,refunded
4818,677,95,9,440.21,2024-12-14 19:52:00,pending
4819,35,182,4,417.96,2024-08-03 08:29:00,pending
4820,92,5,5,48.68,2024-09-07 02:25:00,pending
4821,290,58,6,26.49,2024-06-16 06:22:00,pending
4822,910,122,2,307.67,2024-05-21 07:51:00,completed
4823,997,81,2,244.18,2024-05-08 13:38:00,refunded
4824,531,4,7,278.4,2024-11-05 21:19:00,pending
4825,152,32,2,83.98,2024-09-24 00:20:00,pending
4826,919,189,1,350.21,2024-09-05 02:56:00,cancelled
4827,627,105,7,481.14,2024-09-20 02:59:00,pending
4828,172,1,6,298.5,2024-10-12 15:33:00,cancelled
4829,204,83,2,166.22,2024-02-11 15:29:00,completed
4830,989,94,6,202.85,2024-01-18 19:30:00,completed
4831,495,126,2,255.85,2024-07-20 06:11:00,pending
4832,626,192,4,30.37,2024-11-09 23:09:00,cancelled
4833,851,12,9,253.89,2024-04-16 14:12:00,cancelled
4834,815,72,3,33.75,2024-03-09 06:22:00,cancelled
4835,185,123,3,431.82,2024-02-29 09:49:00,cancelled
4836,376,131,3,441.38,2024-03-20 23:14:00,completed
4837,694,115,7,213.72,2024-12-28 22:20:00,completed
4838,587,172,3,54.33,2024-06-02 09:44:00,cancelled
4839,749,17,10,84.34,2024-05-05 05:18:00,cancelled
4840,897,34,4,343.77,2024-01-06 16:44:00,pending
4841,691,60,7,141.15,2024-07-22 07:08:00,completed
4842,615,123,6,72.18,2024-09-21 06:06:00,refunded
4843,391,187,9,58.91,2024-08-10 17:48:00,pending
4844,547,191,9,212.19,2024-03-20 21:24:00,completed
4845,421,46,4,118.31,2024-10-07 16:47:00,completed
4846,995,143,5,446.11,2024-03-30 15:49:00,pending
4847,683,121,10,322.54,2024-01-02 16:26:00,pending
4848,330,182,10,351.12,2024-12-06 20:23:00,completed
4849,9,61,7,362.41,2024-01-22 23:10:00,completed
4850,389,93,1,183.57,2024-02-04 23:46:00,refunded
4851,428,126,6,209.93,2024-04-22 13:03:00,refunded
4852,27,103,3,421.54,2024-09-13 01:24:00,pending
4853,124,133,1,58.57,2024-01-24 17:56:00,refunded
4854,876,92,5,167.43,2024-04-24 20:05:00,refunded
4855,947,112,9,214.61,2024-12-26 15:17:00,cancelled
4856,88,65,9,352.92,2024-11-21 21:08:00,cancelled
4857,412,39,3,492.78,2024-09-05 08:18:00,cancelled
4858,354,160,6,238.2,2024-09-28 18:38:00,completed
4859,345,106,3,241.8,2024-10-08 17:07:00,cancelled
4860,539,89,7,460.95,2024-07-14 23:45:00,cancelled
4861,958,55,8,294.18,2024-10-13 22:35:00,refunded
4862,964,194,10,300.19,2024-04-30 20:19:00,pending
4863,409,159,2,318.97,2024-09-13 22:18:00,pending
4864,363,149,4,73.95,2024-03-27 13:11:00,completed
4865,97,168,9,313.11,2024-07-09 23:01:00,pending
4866,84,152,9,391.06,2024-05-29 02:07:00,refunded
4867,355,16,6,357.15,2024-10-13 10:51:00,cancelled
4868,999,159,2,352.03,2024-07-04 12:22:00,refunded
4869,936,81,6,496.65,2024-09-01 13:06:00,cancelled
4870,30,73,9,114.2,2024-01-12 17:57:00,pending
4871,244,121,7,321.13,2024-03-24 16:52:00,completed
4872,332,21,10,430.48,2024-09-21 07:16:00,pending
4873,373,128,5,437.54,2024-08-07 18:03:00,completed
4874,379,177,1,111.86,2024-11-05 00:24:00,pending
4875,566,113,10,181.84,2024-11-05 11:20:00,completed
4876,106,65,5,239.73,2024-05-08 11:42:00,pending
4877,821,187,9,375.52,2024-07-15 23:49:00,completed
4878,871,25,8,250.63,2024-04-12 06:20:00,pending
4879,557,109,2,66.02,2024-03-19 10:58:00,completed
4880,694,135,9,41.95,2024-04-03 13:04:00,pending
4881,58,109,9,149.67,2024-06-11 18:35:00,pending
4882,690,125,3,191.85,2024-04-05 12:32:00,refunded
4883,982,73,10,492.23,2024-02-19 22:03:00,cancelled
4884,702,177,10,238.4,2024-06-11 20:56:00,completed
4885,690,72,2,375.76,2024-08-06 04:21:00,completed
4886,769,135,8,85.82,2024-01-23 13:24:00,completed
4887,53,145,9,438.49,2024-10-07 01:12:00,refunded
4888,426,159,1,147.05,2024-11-19 12:58:00,refunded
4889,410,101,8,271.74,2024-01-27 05:26:00,pending
4890,671,31,7,437.56,2024-06-11 03:56:00,pending
4891,31,177,7,400.5,2024-07-14 07:20:00,refunded
4892,365,87,2,134.38,2024-11-25 06:30:00,pending
4893,434,27,6,21.09,2024-04-08 21:58:00,completed
4894,870,169,5,369.4,2024-03-08 06:51:00,completed
4895,701,168,6,26.72,2024-05-29 05:53:00,cancelled
4896,780,111,9,255.01,2024-11-07 01:01:00,cancelled
4897,496,4,1,466.35,2024-01-02 22:16:00,cancelled
4898,492,5,7,120.57,2024-09-09 13:48:00,completed
4899,675,143,2,353.2,2024-07-23 19:41:00,refunded
4900,817,4,9,391.31,2024-05-10 10:38:00,refunded
4901,191,66,8,345.83,2024-03-21 13:32:00,completed
4902,655,73,1,74.95,2024-01-14 17:48:00,pending
4903,108,53,1,454.67,2024-08-25 07:02:00,completed
4904,193,94,2,458.47,2024-10-19 01:36:00,cancelled
4905,987,189,4,482.16,2024-11-17 10:10:00,cancelled
4906,447,138,7,70.33,2024-04-20 07:24:00,completed
4907,19,59,6,117.97,2024-04-06 03:16:00,completed
4908,42,88,2,395.76,2024-06-20 08:40:00,completed
4909,551,185,3,144.58,2024-07-30 02:23:00,refunded
4910,814,195,3,489.31,2024-04-02 05:45:00,refunded
4911,280,28,1,437.56,2024-06-26 11:54:00,pending
4912,751,1,2,358.73,2024-06-14 03:54:00,completed
4913,738,13,7,154.27,2024-10-24 20:25:00,completed
4914,878,107,4,468.61,2024-09-11 10:31:00,refunded
4915,219,172,6,21.46,2024-09-09 13:05:00,pending
4916,553,121,8,428.67,2024-08-11 08:46:00,refunded
4917,36,9,7,309.59,2024-09-13 01:49:00,completed
4918,940,185,10,336.38,2024-05-20 05:49:00,completed
4919,25,115,2,95.09,2024-11-22 03:49:00,cancelled
4920,927,161,4,136.07,2024-01-06 00:40:00,pending
4921,751,111,7,385.99,2024-01-05 13:55:00,cancelled
4922,436,7,5,311.65,2024-03-05 03:44:00,cancelled
4923,1000,64,8,174.06,2024-10-07 05:13:00,refunded
4924,252,184,3,44.61,2024-07-07 16:27:00,pending
4925,738,176,6,99.36,2024-04-14 12:15:00,completed
4926,624,68,10,361.19,2024-10-05 14:35:00,refunded
4927,618,195,9,334.25,2024-10-20 06:05:00,cancelled
4928,917,94,6,198.4,2024-11-25 08:45:00,refunded
4929,240,57,7,426.41,2024-09-23 19:03:00,refunded
4930,506,5,9,100.1,2024-06-03 08:36:00,pending
4931,543,9,5,345.56,2024-06-22 05:26:00,cancelled
4932,142,168,3,309.39,2024-07-12 12:54:00,pending
4933,798,179,2,350.05,2024-05-21 11:29:00,cancelled
4934,970,118,3,303.7,2024-01-30 21:59:00,completed
4935,875,163,3,481.56,2024-03-18 22:50:00,pending
4936,250,49,9,167.78,2024-07-28 21:54:00,cancelled
4937,433,72,10,202.6,2024-11-04 03:57:00,pending
4938,600,23,9,95.97,2024-06-08 16:43:00,cancelled
4939,719,93,6,318.18,2024-01-06 08:02:00,cancelled
4940,974,40,4,269.89,2024-07-09 08:06:00,cancelled
4941,117,123,6,489.73,2024-03-18 15:14:00,cancelled
4942,14,71,5,109.95,2024-04-16 09:23:00,cancelled
4943,618,194,2,154.8,2024-01-25 22:49:00,pending
4944,696,170,5,287.49,2024-12-20 11:57:00,pending
4945,636,40,4,114.96,2024-07-14 22:12:00,completed
4946,743,190,1,67.65,2024-07-03 06:58:00,refunded
4947,913,22,2,405.02,2024-11-27 16:18:00,refunded
4948,512,37,10,499.33,2024-09-01 13:11:00,pending
4949,679,138,5,361.37,2024-04-19 12:09:00,pending
4950,540,32,3,483.83,2024-03-19 16:32:00,pending
4951,464,63,7,158.33,2024-03-18 21:39:00,cancelled
4952,173,52,8,224.68,2024-07-11 20:03:00,completed
4953,849,16,4,77.23,2024-08-25 03:14:00,pending
4954,897,156,7,187.25,2024-06-11 15:38:00,refunded
4955,67,76,4,463.83,2024-12-02 12:26:00,cancelled
4956,591,62,3,220.62,2024-11-03 23:39:00,refunded
4957,102,135,6,452.96,2024-05-31 07:20:00,pending
4958,831,15,2,293.27,2024-07-19 19:50:00,refunded
4959,393,31,6,124.13,2024-07-02 22:57:00,pending
4960,203,194,4,323.17,2024-12-02 03:50:00,refunded
4961,686,141,2,392.04,2024-04-27 18:19:00,cancelled
4962,7,15,1,235.02,2024-08-26 10:38:00,cancelled
4963,705,139,5,460.87,2024-06-05 07:17:00,pending
4964,677,126,4,276.69,2024-11-09 12:28:00,pending
4965,779,181,1,385.48,2024-08-23 17:30:00,cancelled
4966,629,91,9,452.99,2024-11-25 07:29:00,refunded
4967,907,198,1,288.88,2024-02-04 21:23:00,refunded
4968,113,49,5,446.1,2024-04-03 22:31:00,refunded
4969,443,117,6,353.22,2024-04-10 07:03:00,refunded
4970,339,77,4,85.93,2024-11-29 23:03:00,refunded
4971,94,28,2,77.01,2024-08-07 04:55:00,completed
4972,430,45,1,287.11,2024-09-01 14:09:00,pending
4973,557,186,1,209.0,2024-11-20 14:05:00,refunded
4974,43,107,3,238.02,2024-02-02 20:15:00,completed
4975,32,5,6,399.29,2024-06-15 20:25:00,refunded
4976,277,7,10,445.53,2024-10-30 08:53:00,pending
4977,846,42,1,73.84,2024-09-05 22:46:00,refunded
4978,494,109,5,471.58,2024-02-04 05:27:00,refunded
4979,189,162,8,176.49,2024-09-05 07:26:00,cancelled
4980,105,188,6,31.9,2024-06-20 01:30:00,cancelled
4981,335,113,5,455.92,2024-04-16 07:07:00,completed
4982,204,69,8,261.57,2024-12-12 08:56:00,pending
4983,339,88,7,61.0,2024-01-15 15:16:00,cancelled
4984,484,176,10,223.33,2024-11-05 00:00:00,refunded
4985,912,193,2,462.84,2024-08-06 16:15:00,refunded
4986,682,132,8,381.92,2024-12-09 05:27:00,cancelled
4987,33,99,2,278.93,2024-03-15 01:58:00,pending
4988,21,19,4,282.92,2024-03-31 21:06:00,completed
4989,628,134,6,27.13,2024-03-26 07:01:00,pending
4990,213,146,10,325.77,2024-10-25 00:56:00,pending
4991,339,163,6,303.83,2024-09-27 13:07:00,completed
4992,521,169,2,229.03,2024-03-22 00:32:00,cancelled
4993,461,66,9,134.37,2024-10-06 10:35:00,pending
4994,898,34,5,303.75,2024-04-18 01:24:00,completed
4995,83,194,7,106.42,2024-06-17 12:42:00,completed
4996,497,8,10,324.84,2024-05-01 07:44:00,pending
4997,928,99,2,282.33,2024-07-06 06:58:00,completed
4998,61,39,8,313.9,2024-07-14 16:55:00,completed
4999,922,76,3,64.15,2024-07-06 22:12:00,pending
5000,191,138,9,273.13,2024-01-22 20:08:00,completed
